app,profile_id,step,timestamp,action,category,keyword,instruction,screenshot_path,note,I,F,P,C,S,N,FA
KuaiShou,low_payment_browsing,1,2026-06-07T19:24:04,search_keyword,apparel_beauty,高跟鞋,请在搜索框输入“高跟鞋”，点击第一个自然/推荐结果，等待 3 秒后截图。,results/KuaiShou/low_payment_browsing/20260607_192328/screenshots/step_001.png,,2.0,0.0,1.0,0.0,0.0,1.0,0.0
KuaiShou,low_payment_browsing,2,2026-06-07T19:24:59,browse_or_scroll_page,,,请在当前页面向下浏览/滑动一次，停留观察 3 秒后截图。,results/KuaiShou/low_payment_browsing/20260607_192328/screenshots/step_002.png,,2.0,0.0,1.0,0.0,0.0,1.0,0.0
KuaiShou,low_payment_browsing,3,2026-06-07T19:25:16,browse_or_scroll_page,,,请在当前页面向下浏览/滑动一次，停留观察 3 秒后截图。,results/KuaiShou/low_payment_browsing/20260607_192328/screenshots/step_003.png,,2.0,0.0,1.0,0.0,0.0,1.0,0.0
KuaiShou,low_payment_browsing,4,2026-06-07T19:25:41,browse_or_scroll_page,,,请在当前页面向下浏览/滑动一次，停留观察 3 秒后截图。,results/KuaiShou/low_payment_browsing/20260607_192328/screenshots/step_004.png,,0.0,0.0,1.0,0.0,0.0,0.0,0.0
KuaiShou,low_payment_browsing,5,2026-06-07T19:25:55,browse_or_scroll_page,,,请在当前页面向下浏览/滑动一次，停留观察 3 秒后截图。,results/KuaiShou/low_payment_browsing/20260607_192328/screenshots/step_005.png,,1.0,0.0,1.0,0.0,0.0,0.0,0.0
KuaiShou,low_payment_browsing,6,2026-06-07T19:26:07,browse_or_scroll_page,,,请在当前页面向下浏览/滑动一次，停留观察 3 秒后截图。,results/KuaiShou/low_payment_browsing/20260607_192328/screenshots/step_006.png,,1.0,0.0,0.0,0.0,0.0,0.0,0.0
KuaiShou,low_payment_browsing,7,2026-06-07T19:26:49,search_keyword,daily_necessities,洗发水,请在搜索框输入“洗发水”，点击第一个自然/推荐结果，等待 3 秒后截图。,results/KuaiShou/low_payment_browsing/20260607_192328/screenshots/step_007.png,,2.0,0.0,0.0,0.0,0.0,0.0,0.0
KuaiShou,low_payment_browsing,8,2026-06-07T19:27:12,search_keyword,daily_necessities,纸巾,请在搜索框输入“纸巾”，点击第一个自然/推荐结果，等待 3 秒后截图。,results/KuaiShou/low_payment_browsing/20260607_192328/screenshots/step_008.png,,2.0,0.0,1.0,0.0,0.0,0.0,0.0
KuaiShou,low_payment_browsing,9,2026-06-07T19:28:40,visit_homepage,,,请回到 KuaiShou 首页，等待 3 秒后截图。,results/KuaiShou/low_payment_browsing/20260607_192328/screenshots/step_009.png,,0.0,0.0,0.0,0.0,0.0,1.0,0.0
KuaiShou,low_payment_browsing,10,2026-06-07T19:28:57,visit_homepage,,,请回到 KuaiShou 首页，等待 3 秒后截图。,results/KuaiShou/low_payment_browsing/20260607_192328/screenshots/step_010.png,,0.0,0.0,0.0,0.0,0.0,1.0,0.0
KuaiShou,low_payment_browsing,11,2026-06-07T19:29:32,search_keyword,apparel_beauty,高跟鞋,请在搜索框输入“高跟鞋”，点击第一个自然/推荐结果，等待 3 秒后截图。,results/KuaiShou/low_payment_browsing/20260607_192328/screenshots/step_011.png,,2.0,0.0,1.0,0.0,1.0,0.0,0.0
KuaiShou,low_payment_browsing,12,2026-06-07T19:30:24,decision_interface_visit,,,请点击当前屏幕中最明显的决策入口，例如内容详情、会员、订阅、充值、购买、领取优惠等，等待 3 秒后截图。,results/KuaiShou/low_payment_browsing/20260607_192328/screenshots/step_012.png,,1.0,1.0,0.0,0.0,1.0,0.0,0.0
KuaiShou,low_payment_browsing,13,2026-06-07T19:30:42,browse_or_scroll_page,,,请在当前页面向下浏览/滑动一次，停留观察 3 秒后截图。,results/KuaiShou/low_payment_browsing/20260607_192328/screenshots/step_013.png,,2.0,1.0,0.0,0.0,1.0,0.0,0.0
KuaiShou,low_payment_browsing,14,2026-06-07T19:30:55,browse_or_scroll_page,,,请在当前页面向下浏览/滑动一次，停留观察 3 秒后截图。,results/KuaiShou/low_payment_browsing/20260607_192328/screenshots/step_014.png,,2.0,1.0,0.0,0.0,1.0,0.0,0.0
KuaiShou,low_payment_browsing,15,2026-06-07T19:31:21,browse_or_scroll_page,,,请在当前页面向下浏览/滑动一次，停留观察 3 秒后截图。,results/KuaiShou/low_payment_browsing/20260607_192328/screenshots/step_015.png,,2.0,0.0,0.0,0.0,1.0,0.0,0.0
KuaiShou,low_payment_browsing,16,2026-06-07T19:33:12,search_keyword,daily_necessities,洗衣液,请在搜索框输入“洗衣液”，点击第一个自然/推荐结果，等待 3 秒后截图。,results/KuaiShou/low_payment_browsing/20260607_192328/screenshots/step_016.png,,1.0,0.0,1.0,0.0,0.0,0.0,0.0
KuaiShou,low_payment_browsing,17,2026-06-07T19:33:37,search_keyword,apparel_beauty,连衣裙,请在搜索框输入“连衣裙”，点击第一个自然/推荐结果，等待 3 秒后截图。,results/KuaiShou/low_payment_browsing/20260607_192328/screenshots/step_017.png,,2.0,0.0,1.0,0.0,0.0,1.0,0.0
KuaiShou,low_payment_browsing,18,2026-06-07T19:34:01,browse_or_scroll_page,,,请在当前页面向下浏览/滑动一次，停留观察 3 秒后截图。,results/KuaiShou/low_payment_browsing/20260607_192328/screenshots/step_018.png,,2.0,0.0,0.0,0.0,0.0,0.0,0.0
KuaiShou,low_payment_browsing,19,2026-06-07T19:34:23,decision_interface_visit,,,请点击当前屏幕中最明显的决策入口，例如内容详情、会员、订阅、充值、购买、领取优惠等，等待 3 秒后截图。,results/KuaiShou/low_payment_browsing/20260607_192328/screenshots/step_019.png,,2.0,1.0,1.0,0.0,0.0,0.0,0.0
KuaiShou,low_payment_browsing,20,2026-06-07T19:34:48,browse_or_scroll_page,,,请在当前页面向下浏览/滑动一次，停留观察 3 秒后截图。,results/KuaiShou/low_payment_browsing/20260607_192328/screenshots/step_020.png,,2.0,1.0,0.0,0.0,0.0,0.0,0.0
KuaiShou,low_payment_browsing,21,2026-06-07T19:36:02,search_keyword,shopping,会员,请在搜索框输入“会员”，点击第一个自然/推荐结果，等待 3 秒后截图。,results/KuaiShou/low_payment_browsing/20260607_192328/screenshots/step_021.png,,2.0,1.0,0.0,0.0,0.0,1.0,0.0
KuaiShou,low_payment_browsing,22,2026-06-07T19:36:30,browse_or_scroll_page,,,请在当前页面向下浏览/滑动一次，停留观察 3 秒后截图。,results/KuaiShou/low_payment_browsing/20260607_192328/screenshots/step_022.png,,1.0,1.0,0.0,0.0,0.0,1.0,1.0
KuaiShou,low_payment_browsing,23,2026-06-07T19:37:02,visit_homepage,,,请回到 KuaiShou 首页，等待 3 秒后截图。,results/KuaiShou/low_payment_browsing/20260607_192328/screenshots/step_023.png,,0.0,0.0,0.0,0.0,0.0,0.0,0.0
KuaiShou,low_payment_browsing,24,2026-06-07T19:37:18,browse_or_scroll_page,,,请在当前页面向下浏览/滑动一次，停留观察 3 秒后截图。,results/KuaiShou/low_payment_browsing/20260607_192328/screenshots/step_024.png,,0.0,0.0,0.0,0.0,1.0,0.0,0.0
KuaiShou,low_payment_browsing,25,2026-06-07T19:37:34,visit_homepage,,,请回到 KuaiShou 首页，等待 3 秒后截图。,results/KuaiShou/low_payment_browsing/20260607_192328/screenshots/step_025.png,,0.0,0.0,0.0,0.0,0.0,0.0,0.0
KuaiShou,low_payment_browsing,26,2026-06-07T19:38:07,decision_interface_visit,,,请点击当前屏幕中最明显的决策入口，例如内容详情、会员、订阅、充值、购买、领取优惠等，等待 3 秒后截图。,results/KuaiShou/low_payment_browsing/20260607_192328/screenshots/step_026.png,,1.0,0.0,0.0,0.0,0.0,1.0,0.0
KuaiShou,low_payment_browsing,27,2026-06-07T19:38:26,browse_or_scroll_page,,,请在当前页面向下浏览/滑动一次，停留观察 3 秒后截图。,results/KuaiShou/low_payment_browsing/20260607_192328/screenshots/step_027.png,,1.0,0.0,0.0,0.0,0.0,0.0,0.0
KuaiShou,low_payment_browsing,28,2026-06-07T19:38:42,browse_or_scroll_page,,,请在当前页面向下浏览/滑动一次，停留观察 3 秒后截图。,results/KuaiShou/low_payment_browsing/20260607_192328/screenshots/step_028.png,,0.0,0.0,0.0,0.0,0.0,0.0,0.0
KuaiShou,low_payment_browsing,29,2026-06-07T19:39:05,search_keyword,daily_necessities,零食,请在搜索框输入“零食”，点击第一个自然/推荐结果，等待 3 秒后截图。,results/KuaiShou/low_payment_browsing/20260607_192328/screenshots/step_029.png,,2.0,0.0,1.0,0.0,0.0,0.0,0.0
KuaiShou,low_payment_browsing,30,2026-06-07T19:39:24,browse_or_scroll_page,,,请在当前页面向下浏览/滑动一次，停留观察 3 秒后截图。,results/KuaiShou/low_payment_browsing/20260607_192328/screenshots/step_030.png,,2.0,0.0,0.0,0.0,0.0,0.0,0.0
KuaiShou,high_payment_shopping,1,2026-06-07T19:40:11,decision_interface_visit,,,请点击当前屏幕中最明显的决策入口，例如内容详情、会员、订阅、充值、购买、领取优惠等，等待 3 秒后截图。,results/KuaiShou/high_payment_shopping/20260607_193930/screenshots/step_001.png,,2.0,1.0,0.0,1.0,0.0,1.0,1.0
KuaiShou,high_payment_shopping,2,2026-06-07T19:40:44,search_keyword,daily_necessities,零食,请在搜索框输入“零食”，点击第一个自然/推荐结果，等待 3 秒后截图。,results/KuaiShou/high_payment_shopping/20260607_193930/screenshots/step_002.png,,2.0,2.0,0.0,0.0,0.0,1.0,0.0
KuaiShou,high_payment_shopping,3,2026-06-07T19:41:10,search_keyword,electronics_high_value,索尼相机,请在搜索框输入“索尼相机”，点击第一个自然/推荐结果，等待 3 秒后截图。,results/KuaiShou/high_payment_shopping/20260607_193930/screenshots/step_003.png,,2.0,0.0,1.0,0.0,0.0,0.0,0.0
KuaiShou,high_payment_shopping,4,2026-06-07T19:42:03,search_keyword,daily_necessities,洗发水,请在搜索框输入“洗发水”，点击第一个自然/推荐结果，等待 3 秒后截图。,results/KuaiShou/high_payment_shopping/20260607_193930/screenshots/step_004.png,,2.0,0.0,1.0,0.0,0.0,0.0,0.0
KuaiShou,high_payment_shopping,5,2026-06-07T19:42:26,browse_or_scroll_page,,,请在当前页面向下浏览/滑动一次，停留观察 3 秒后截图。,results/KuaiShou/high_payment_shopping/20260607_193930/screenshots/step_005.png,,2.0,1.0,1.0,0.0,0.0,1.0,0.0
KuaiShou,high_payment_shopping,6,2026-06-07T19:43:18,search_keyword,electronics_high_value,联想笔记本,请在搜索框输入“联想笔记本”，点击第一个自然/推荐结果，等待 3 秒后截图。,results/KuaiShou/high_payment_shopping/20260607_193930/screenshots/step_006.png,,2.0,1.0,1.0,1.0,0.0,2.0,0.0
KuaiShou,high_payment_shopping,7,2026-06-07T19:43:45,search_keyword,electronics_high_value,索尼相机,请在搜索框输入“索尼相机”，点击第一个自然/推荐结果，等待 3 秒后截图。,results/KuaiShou/high_payment_shopping/20260607_193930/screenshots/step_007.png,,2.0,0.0,0.0,0.0,0.0,0.0,0.0
KuaiShou,high_payment_shopping,8,2026-06-07T19:44:12,browse_or_scroll_page,,,请在当前页面向下浏览/滑动一次，停留观察 3 秒后截图。,results/KuaiShou/high_payment_shopping/20260607_193930/screenshots/step_008.png,,2.0,0.0,0.0,0.0,0.0,0.0,0.0
KuaiShou,high_payment_shopping,9,2026-06-07T19:44:27,browse_or_scroll_page,,,请在当前页面向下浏览/滑动一次，停留观察 3 秒后截图。,results/KuaiShou/high_payment_shopping/20260607_193930/screenshots/step_009.png,,2.0,0.0,1.0,0.0,0.0,0.0,0.0
KuaiShou,high_payment_shopping,10,2026-06-07T19:44:42,browse_or_scroll_page,,,请在当前页面向下浏览/滑动一次，停留观察 3 秒后截图。,results/KuaiShou/high_payment_shopping/20260607_193930/screenshots/step_010.png,,2.0,0.0,0.0,0.0,0.0,0.0,0.0
KuaiShou,high_payment_shopping,11,2026-06-07T19:45:01,decision_interface_visit,,,请点击当前屏幕中最明显的决策入口，例如内容详情、会员、订阅、充值、购买、领取优惠等，等待 3 秒后截图。,results/KuaiShou/high_payment_shopping/20260607_193930/screenshots/step_011.png,,2.0,0.0,0.0,0.0,0.0,0.0,0.0
KuaiShou,high_payment_shopping,12,2026-06-07T19:45:27,browse_or_scroll_page,,,请在当前页面向下浏览/滑动一次，停留观察 3 秒后截图。,results/KuaiShou/high_payment_shopping/20260607_193930/screenshots/step_012.png,,2.0,0.0,0.0,0.0,0.0,1.0,0.0
KuaiShou,high_payment_shopping,13,2026-06-07T19:45:55,search_keyword,daily_necessities,洗衣液,请在搜索框输入“洗衣液”，点击第一个自然/推荐结果，等待 3 秒后截图。,results/KuaiShou/high_payment_shopping/20260607_193930/screenshots/step_013.png,,1.0,1.0,1.0,0.0,0.0,0.0,0.0
KuaiShou,high_payment_shopping,14,2026-06-07T19:46:19,search_keyword,apparel_beauty,防晒衣,请在搜索框输入“防晒衣”，点击第一个自然/推荐结果，等待 3 秒后截图。,results/KuaiShou/high_payment_shopping/20260607_193930/screenshots/step_014.png,,2.0,1.0,0.0,0.0,0.0,1.0,0.0
KuaiShou,high_payment_shopping,15,2026-06-07T19:46:40,browse_or_scroll_page,,,请在当前页面向下浏览/滑动一次，停留观察 3 秒后截图。,results/KuaiShou/high_payment_shopping/20260607_193930/screenshots/step_015.png,,1.0,1.0,0.0,0.0,0.0,1.0,1.0
KuaiShou,high_payment_shopping,16,2026-06-07T19:47:06,browse_or_scroll_page,,,请在当前页面向下浏览/滑动一次，停留观察 3 秒后截图。,results/KuaiShou/high_payment_shopping/20260607_193930/screenshots/step_016.png,,1.0,0.0,1.0,0.0,0.0,0.0,0.0
KuaiShou,high_payment_shopping,17,2026-06-07T19:47:29,search_keyword,apparel_beauty,面膜,请在搜索框输入“面膜”，点击第一个自然/推荐结果，等待 3 秒后截图。,results/KuaiShou/high_payment_shopping/20260607_193930/screenshots/step_017.png,,2.0,1.0,0.0,0.0,1.0,1.0,0.0
KuaiShou,high_payment_shopping,18,2026-06-07T19:48:07,decision_interface_visit,,,请点击当前屏幕中最明显的决策入口，例如内容详情、会员、订阅、充值、购买、领取优惠等，等待 3 秒后截图。,results/KuaiShou/high_payment_shopping/20260607_193930/screenshots/step_018.png,,2.0,1.0,0.0,0.0,1.0,0.0,0.0
KuaiShou,high_payment_shopping,19,2026-06-07T19:48:33,decision_interface_visit,,,请点击当前屏幕中最明显的决策入口，例如内容详情、会员、订阅、充值、购买、领取优惠等，等待 3 秒后截图。,results/KuaiShou/high_payment_shopping/20260607_193930/screenshots/step_019.png,,2.0,1.0,1.0,0.0,0.0,1.0,0.0
KuaiShou,high_payment_shopping,20,2026-06-07T19:48:53,browse_or_scroll_page,,,请在当前页面向下浏览/滑动一次，停留观察 3 秒后截图。,results/KuaiShou/high_payment_shopping/20260607_193930/screenshots/step_020.png,,2.0,1.0,1.0,0.0,0.0,1.0,0.0
KuaiShou,high_payment_shopping,21,2026-06-07T19:49:26,search_keyword,electronics_high_value,手机,请在搜索框输入“手机”，点击第一个自然/推荐结果，等待 3 秒后截图。,results/KuaiShou/high_payment_shopping/20260607_193930/screenshots/step_021.png,,2.0,1.0,1.0,0.0,0.0,0.0,0.0
KuaiShou,high_payment_shopping,22,2026-06-07T19:49:43,search_keyword,electronics_high_value,手机,请在搜索框输入“手机”，点击第一个自然/推荐结果，等待 3 秒后截图。,results/KuaiShou/high_payment_shopping/20260607_193930/screenshots/step_022.png,,1.0,0.0,1.0,1.0,0.0,0.0,0.0
KuaiShou,high_payment_shopping,23,2026-06-07T19:50:01,browse_or_scroll_page,,,请在当前页面向下浏览/滑动一次，停留观察 3 秒后截图。,results/KuaiShou/high_payment_shopping/20260607_193930/screenshots/step_023.png,,2.0,1.0,0.0,0.0,0.0,0.0,0.0
KuaiShou,high_payment_shopping,24,2026-06-07T19:50:44,decision_interface_visit,,,请点击当前屏幕中最明显的决策入口，例如内容详情、会员、订阅、充值、购买、领取优惠等，等待 3 秒后截图。,results/KuaiShou/high_payment_shopping/20260607_193930/screenshots/step_024.png,,2.0,1.0,0.0,0.0,0.0,1.0,0.0
KuaiShou,high_payment_shopping,25,2026-06-07T19:51:07,search_keyword,apparel_beauty,粉底液,请在搜索框输入“粉底液”，点击第一个自然/推荐结果，等待 3 秒后截图。,results/KuaiShou/high_payment_shopping/20260607_193930/screenshots/step_025.png,,2.0,0.0,1.0,0.0,1.0,0.0,0.0
KuaiShou,high_payment_shopping,26,2026-06-07T19:51:19,browse_or_scroll_page,,,请在当前页面向下浏览/滑动一次，停留观察 3 秒后截图。,results/KuaiShou/high_payment_shopping/20260607_193930/screenshots/step_026.png,,2.0,0.0,0.0,0.0,0.0,0.0,0.0
KuaiShou,high_payment_shopping,27,2026-06-07T19:51:36,browse_or_scroll_page,,,请在当前页面向下浏览/滑动一次，停留观察 3 秒后截图。,results/KuaiShou/high_payment_shopping/20260607_193930/screenshots/step_027.png,,2.0,0.0,0.0,0.0,0.0,0.0,0.0
KuaiShou,high_payment_shopping,28,2026-06-07T19:51:46,browse_or_scroll_page,,,请在当前页面向下浏览/滑动一次，停留观察 3 秒后截图。,results/KuaiShou/high_payment_shopping/20260607_193930/screenshots/step_028.png,,2.0,0.0,1.0,0.0,0.0,0.0,0.0
KuaiShou,high_payment_shopping,29,2026-06-07T19:52:20,visit_homepage,,,请回到 KuaiShou 首页，等待 3 秒后截图。,results/KuaiShou/high_payment_shopping/20260607_193930/screenshots/step_029.png,,0.0,0.0,0.0,0.0,0.0,0.0,0.0
KuaiShou,high_payment_shopping,30,2026-06-07T19:52:49,browse_or_scroll_page,,,请在当前页面向下浏览/滑动一次，停留观察 3 秒后截图。,results/KuaiShou/high_payment_shopping/20260607_193930/screenshots/step_030.png,,0.0,0.0,0.0,0.0,0.0,1.0,0.0
KuaiShou,bargain_hunter,1,2026-06-07T19:53:18,browse_or_scroll_page,,,请在当前页面向下浏览/滑动一次，停留观察 3 秒后截图。,results/KuaiShou/bargain_hunter/20260607_195254/screenshots/step_001.png,,1.0,0.0,1.0,0.0,0.0,0.0,0.0
KuaiShou,bargain_hunter,2,2026-06-07T19:53:46,search_keyword,daily_necessities,洗衣液,请在搜索框输入“洗衣液”，点击第一个自然/推荐结果，等待 3 秒后截图。,results/KuaiShou/bargain_hunter/20260607_195254/screenshots/step_002.png,,2.0,0.0,1.0,0.0,0.0,0.0,0.0
KuaiShou,bargain_hunter,3,2026-06-07T19:54:03,browse_or_scroll_page,,,请在当前页面向下浏览/滑动一次，停留观察 3 秒后截图。,results/KuaiShou/bargain_hunter/20260607_195254/screenshots/step_003.png,,2.0,0.0,1.0,0.0,0.0,1.0,0.0
KuaiShou,bargain_hunter,4,2026-06-07T19:55:12,search_keyword,shopping,满减券,请在搜索框输入“满减券”，点击第一个自然/推荐结果，等待 3 秒后截图。,results/KuaiShou/bargain_hunter/20260607_195254/screenshots/step_004.png,,2.0,0.0,1.0,0.0,0.0,1.0,0.0
KuaiShou,bargain_hunter,5,2026-06-07T19:55:33,visit_homepage,,,请回到 KuaiShou 首页，等待 3 秒后截图。,results/KuaiShou/bargain_hunter/20260607_195254/screenshots/step_005.png,,2.0,1.0,0.0,0.0,0.0,1.0,0.0
KuaiShou,bargain_hunter,6,2026-06-07T19:56:06,search_keyword,apparel_beauty,面膜,请在搜索框输入“面膜”，点击第一个自然/推荐结果，等待 3 秒后截图。,results/KuaiShou/bargain_hunter/20260607_195254/screenshots/step_006.png,,1.0,1.0,1.0,0.0,0.0,1.0,0.0
KuaiShou,bargain_hunter,7,2026-06-07T19:56:36,search_keyword,shopping,限时秒杀,请在搜索框输入“限时秒杀”，点击第一个自然/推荐结果，等待 3 秒后截图。,results/KuaiShou/bargain_hunter/20260607_195254/screenshots/step_007.png,,2.0,0.0,1.0,1.0,0.0,0.0,0.0
KuaiShou,bargain_hunter,8,2026-06-07T19:57:00,browse_or_scroll_page,,,请在当前页面向下浏览/滑动一次，停留观察 3 秒后截图。,results/KuaiShou/bargain_hunter/20260607_195254/screenshots/step_008.png,,2.0,0.0,0.0,0.0,0.0,0.0,0.0
KuaiShou,bargain_hunter,9,2026-06-07T19:57:32,visit_homepage,,,请回到 KuaiShou 首页，等待 3 秒后截图。,results/KuaiShou/bargain_hunter/20260607_195254/screenshots/step_009.png,,1.0,0.0,0.0,0.0,0.0,0.0,0.0
KuaiShou,bargain_hunter,10,2026-06-07T19:58:04,decision_interface_visit,,,请点击当前屏幕中最明显的决策入口，例如内容详情、会员、订阅、充值、购买、领取优惠等，等待 3 秒后截图。,results/KuaiShou/bargain_hunter/20260607_195254/screenshots/step_010.png,,2.0,1.0,1.0,1.0,1.0,1.0,1.0
KuaiShou,bargain_hunter,11,2026-06-07T19:58:28,browse_or_scroll_page,,,请在当前页面向下浏览/滑动一次，停留观察 3 秒后截图。,results/KuaiShou/bargain_hunter/20260607_195254/screenshots/step_011.png,,1.0,0.0,0.0,0.0,0.0,0.0,0.0
KuaiShou,bargain_hunter,12,2026-06-07T19:58:46,visit_homepage,,,请回到 KuaiShou 首页，等待 3 秒后截图。,results/KuaiShou/bargain_hunter/20260607_195254/screenshots/step_012.png,,0.0,0.0,0.0,0.0,0.0,0.0,0.0
KuaiShou,bargain_hunter,13,2026-06-07T19:59:11,browse_or_scroll_page,,,请在当前页面向下浏览/滑动一次，停留观察 3 秒后截图。,results/KuaiShou/bargain_hunter/20260607_195254/screenshots/step_013.png,,1.0,0.0,0.0,1.0,0.0,0.0,0.0
KuaiShou,bargain_hunter,14,2026-06-07T19:59:48,decision_interface_visit,,,请点击当前屏幕中最明显的决策入口，例如内容详情、会员、订阅、充值、购买、领取优惠等，等待 3 秒后截图。,results/KuaiShou/bargain_hunter/20260607_195254/screenshots/step_014.png,,1.0,1.0,1.0,0.0,1.0,0.0,0.0
KuaiShou,bargain_hunter,15,2026-06-07T20:00:09,browse_or_scroll_page,,,请在当前页面向下浏览/滑动一次，停留观察 3 秒后截图。,results/KuaiShou/bargain_hunter/20260607_195254/screenshots/step_015.png,,2.0,1.0,0.0,0.0,1.0,1.0,0.0
KuaiShou,bargain_hunter,16,2026-06-07T20:00:33,browse_or_scroll_page,,,请在当前页面向下浏览/滑动一次，停留观察 3 秒后截图。,results/KuaiShou/bargain_hunter/20260607_195254/screenshots/step_016.png,,2.0,0.0,0.0,0.0,0.0,2.0,1.0
KuaiShou,bargain_hunter,17,2026-06-07T20:01:11,search_keyword,daily_necessities,垃圾袋,请在搜索框输入“垃圾袋”，点击第一个自然/推荐结果，等待 3 秒后截图。,results/KuaiShou/bargain_hunter/20260607_195254/screenshots/step_017.png,,2.0,0.0,0.0,0.0,0.0,1.0,0.0
KuaiShou,bargain_hunter,18,2026-06-07T20:01:30,browse_or_scroll_page,,,请在当前页面向下浏览/滑动一次，停留观察 3 秒后截图。,results/KuaiShou/bargain_hunter/20260607_195254/screenshots/step_018.png,,2.0,0.0,1.0,0.0,0.0,0.0,0.0
KuaiShou,bargain_hunter,19,2026-06-07T20:01:56,decision_interface_visit,,,请点击当前屏幕中最明显的决策入口，例如内容详情、会员、订阅、充值、购买、领取优惠等，等待 3 秒后截图。,results/KuaiShou/bargain_hunter/20260607_195254/screenshots/step_019.png,,2.0,1.0,0.0,0.0,1.0,1.0,0.0
KuaiShou,bargain_hunter,20,2026-06-07T20:02:16,decision_interface_visit,,,请点击当前屏幕中最明显的决策入口，例如内容详情、会员、订阅、充值、购买、领取优惠等，等待 3 秒后截图。,results/KuaiShou/bargain_hunter/20260607_195254/screenshots/step_020.png,,2.0,2.0,0.0,0.0,1.0,0.0,1.0
KuaiShou,bargain_hunter,21,2026-06-07T20:02:40,decision_interface_visit,,,请点击当前屏幕中最明显的决策入口，例如内容详情、会员、订阅、充值、购买、领取优惠等，等待 3 秒后截图。,results/KuaiShou/bargain_hunter/20260607_195254/screenshots/step_021.png,,2.0,2.0,0.0,0.0,0.0,1.0,0.0
KuaiShou,bargain_hunter,22,2026-06-07T20:03:12,decision_interface_visit,,,请点击当前屏幕中最明显的决策入口，例如内容详情、会员、订阅、充值、购买、领取优惠等，等待 3 秒后截图。,results/KuaiShou/bargain_hunter/20260607_195254/screenshots/step_022.png,,1.0,2.0,0.0,1.0,0.0,1.0,0.0
KuaiShou,bargain_hunter,23,2026-06-07T20:03:50,search_keyword,apparel_beauty,高跟鞋,请在搜索框输入“高跟鞋”，点击第一个自然/推荐结果，等待 3 秒后截图。,results/KuaiShou/bargain_hunter/20260607_195254/screenshots/step_023.png,,2.0,3.0,1.0,1.0,0.0,3.0,1.0
KuaiShou,bargain_hunter,24,2026-06-07T20:04:13,browse_or_scroll_page,,,请在当前页面向下浏览/滑动一次，停留观察 3 秒后截图。,results/KuaiShou/bargain_hunter/20260607_195254/screenshots/step_024.png,,1.0,0.0,0.0,0.0,0.0,0.0,0.0
KuaiShou,bargain_hunter,25,2026-06-07T20:04:31,browse_or_scroll_page,,,请在当前页面向下浏览/滑动一次，停留观察 3 秒后截图。,results/KuaiShou/bargain_hunter/20260607_195254/screenshots/step_025.png,,1.0,0.0,0.0,0.0,0.0,0.0,1.0
KuaiShou,bargain_hunter,26,2026-06-07T20:04:55,search_keyword,daily_necessities,零食,请在搜索框输入“零食”，点击第一个自然/推荐结果，等待 3 秒后截图。,results/KuaiShou/bargain_hunter/20260607_195254/screenshots/step_026.png,,2.0,1.0,1.0,0.0,0.0,1.0,0.0
KuaiShou,bargain_hunter,27,2026-06-07T20:05:30,search_keyword,daily_necessities,零食,请在搜索框输入“零食”，点击第一个自然/推荐结果，等待 3 秒后截图。,results/KuaiShou/bargain_hunter/20260607_195254/screenshots/step_027.png,,2.0,2.0,1.0,1.0,0.0,2.0,1.0
KuaiShou,bargain_hunter,28,2026-06-07T20:05:54,decision_interface_visit,,,请点击当前屏幕中最明显的决策入口，例如内容详情、会员、订阅、充值、购买、领取优惠等，等待 3 秒后截图。,results/KuaiShou/bargain_hunter/20260607_195254/screenshots/step_028.png,,2.0,1.0,1.0,0.0,0.0,1.0,0.0
KuaiShou,bargain_hunter,29,2026-06-07T20:06:58,browse_or_scroll_page,,,请在当前页面向下浏览/滑动一次，停留观察 3 秒后截图。,results/KuaiShou/bargain_hunter/20260607_195254/screenshots/step_029.png,,2.0,0.0,0.0,0.0,0.0,0.0,0.0
KuaiShou,bargain_hunter,30,2026-06-07T20:07:27,search_keyword,shopping,拼单,请在搜索框输入“拼单”，点击第一个自然/推荐结果，等待 3 秒后截图。,results/KuaiShou/bargain_hunter/20260607_195254/screenshots/step_030.png,,2.0,1.0,1.0,1.0,0.0,0.0,0.0
DouYin,low_payment_browsing,1,2026-06-07T17:03:50,browse_or_scroll_page,,,请在当前页面向下浏览/滑动一次，停留观察 3 秒后截图。,results/DouYin/low_payment_browsing/20260607_170327/screenshots/step_001.png,,1.0,0.0,0.0,0.0,0.0,0.0,0.0
DouYin,low_payment_browsing,2,2026-06-07T17:04:17,browse_or_scroll_page,,,请在当前页面向下浏览/滑动一次，停留观察 3 秒后截图。,results/DouYin/low_payment_browsing/20260607_170327/screenshots/step_002.png,,2.0,1.0,0.0,0.0,0.0,1.0,1.0
DouYin,low_payment_browsing,3,2026-06-07T17:05:31,search_keyword,electronics_high_value,手柄,请在搜索框输入“手柄”，点击第一个自然/推荐结果，等待 3 秒后截图。,results/DouYin/low_payment_browsing/20260607_170327/screenshots/step_003.png,,2.0,1.0,1.0,1.0,0.0,0.0,0.0
DouYin,low_payment_browsing,4,2026-06-07T17:06:20,browse_or_scroll_page,,,请在当前页面向下浏览/滑动一次，停留观察 3 秒后截图。,results/DouYin/low_payment_browsing/20260607_170327/screenshots/step_004.png,,1.0,0.0,1.0,0.0,0.0,0.0,0.0
DouYin,low_payment_browsing,5,2026-06-07T17:07:07,search_keyword,daily_necessities,纸巾,请在搜索框输入“纸巾”，点击第一个自然/推荐结果，等待 3 秒后截图。,results/DouYin/low_payment_browsing/20260607_170327/screenshots/step_005.png,,2.0,1.0,0.0,0.0,0.0,1.0,0.0
DouYin,low_payment_browsing,6,2026-06-07T17:07:41,search_keyword,shopping,满减券,请在搜索框输入“满减券”，点击第一个自然/推荐结果，等待 3 秒后截图。,results/DouYin/low_payment_browsing/20260607_170327/screenshots/step_006.png,,2.0,0.0,1.0,1.0,0.0,0.0,0.0
DouYin,low_payment_browsing,7,2026-06-07T17:08:59,search_keyword,electronics_high_value,手柄,请在搜索框输入“手柄”，点击第一个自然/推荐结果，等待 3 秒后截图。,results/DouYin/low_payment_browsing/20260607_170327/screenshots/step_007.png,,2.0,1.0,1.0,0.0,0.0,1.0,0.0
DouYin,low_payment_browsing,8,2026-06-07T17:09:22,browse_or_scroll_page,,,请在当前页面向下浏览/滑动一次，停留观察 3 秒后截图。,results/DouYin/low_payment_browsing/20260607_170327/screenshots/step_008.png,,2.0,1.0,1.0,0.0,0.0,1.0,0.0
DouYin,low_payment_browsing,9,2026-06-07T17:10:48,search_keyword,apparel_beauty,面膜,请在搜索框输入“面膜”，点击第一个自然/推荐结果，等待 3 秒后截图。,results/DouYin/low_payment_browsing/20260607_170327/screenshots/step_009.png,,2.0,0.0,1.0,1.0,0.0,0.0,0.0
DouYin,low_payment_browsing,10,2026-06-07T17:11:10,visit_homepage,,,请回到 DouYin 首页，等待 3 秒后截图。,results/DouYin/low_payment_browsing/20260607_170327/screenshots/step_010.png,,0.0,0.0,0.0,0.0,0.0,0.0,0.0
DouYin,low_payment_browsing,11,2026-06-07T17:11:34,browse_or_scroll_page,,,请在当前页面向下浏览/滑动一次，停留观察 3 秒后截图。,results/DouYin/low_payment_browsing/20260607_170327/screenshots/step_011.png,,0.0,0.0,0.0,1.0,0.0,0.0,0.0
DouYin,low_payment_browsing,12,2026-06-07T17:12:57,search_keyword,apparel_beauty,粉底液,请在搜索框输入“粉底液”，点击第一个自然/推荐结果，等待 3 秒后截图。,results/DouYin/low_payment_browsing/20260607_170327/screenshots/step_012.png,,2.0,0.0,1.0,0.0,0.0,0.0,0.0
DouYin,low_payment_browsing,13,2026-06-07T17:13:31,browse_or_scroll_page,,,请在当前页面向下浏览/滑动一次，停留观察 3 秒后截图。,results/DouYin/low_payment_browsing/20260607_170327/screenshots/step_013.png,,2.0,0.0,1.0,0.0,0.0,1.0,0.0
DouYin,low_payment_browsing,14,2026-06-07T17:13:49,browse_or_scroll_page,,,请在当前页面向下浏览/滑动一次，停留观察 3 秒后截图。,results/DouYin/low_payment_browsing/20260607_170327/screenshots/step_014.png,,2.0,0.0,1.0,0.0,0.0,0.0,0.0
DouYin,low_payment_browsing,15,2026-06-07T17:14:09,browse_or_scroll_page,,,请在当前页面向下浏览/滑动一次，停留观察 3 秒后截图。,results/DouYin/low_payment_browsing/20260607_170327/screenshots/step_015.png,,2.0,0.0,1.0,0.0,0.0,0.0,0.0
DouYin,low_payment_browsing,16,2026-06-07T17:14:48,decision_interface_visit,,,请点击当前屏幕中最明显的决策入口，例如内容详情、会员、订阅、充值、购买、领取优惠等，等待 3 秒后截图。,results/DouYin/low_payment_browsing/20260607_170327/screenshots/step_016.png,,1.0,1.0,0.0,0.0,1.0,0.0,1.0
DouYin,low_payment_browsing,17,2026-06-07T17:15:38,browse_or_scroll_page,,,请在当前页面向下浏览/滑动一次，停留观察 3 秒后截图。,results/DouYin/low_payment_browsing/20260607_170327/screenshots/step_017.png,,1.0,1.0,0.0,0.0,1.0,0.0,1.0
DouYin,low_payment_browsing,18,2026-06-07T17:16:52,search_keyword,apparel_beauty,粉底液,请在搜索框输入“粉底液”，点击第一个自然/推荐结果，等待 3 秒后截图。,results/DouYin/low_payment_browsing/20260607_170327/screenshots/step_018.png,,1.0,1.0,1.0,0.0,0.0,1.0,0.0
DouYin,low_payment_browsing,19,2026-06-07T17:18:19,browse_or_scroll_page,,,请在当前页面向下浏览/滑动一次，停留观察 3 秒后截图。,results/DouYin/low_payment_browsing/20260607_170327/screenshots/step_019.png,,0.0,0.0,0.0,0.0,0.0,0.0,0.0
DouYin,low_payment_browsing,20,2026-06-07T17:18:39,browse_or_scroll_page,,,请在当前页面向下浏览/滑动一次，停留观察 3 秒后截图。,results/DouYin/low_payment_browsing/20260607_170327/screenshots/step_020.png,,1.0,0.0,1.0,0.0,0.0,0.0,0.0
DouYin,low_payment_browsing,21,2026-06-07T17:20:22,decision_interface_visit,,,请点击当前屏幕中最明显的决策入口，例如内容详情、会员、订阅、充值、购买、领取优惠等，等待 3 秒后截图。,results/DouYin/low_payment_browsing/20260607_170327/screenshots/step_021.png,,2.0,1.0,1.0,0.0,0.0,1.0,0.0
DouYin,low_payment_browsing,22,2026-06-07T17:20:43,visit_homepage,,,请回到 DouYin 首页，等待 3 秒后截图。,results/DouYin/low_payment_browsing/20260607_170327/screenshots/step_022.png,,0.0,0.0,0.0,0.0,0.0,0.0,0.0
DouYin,low_payment_browsing,23,2026-06-07T17:21:04,browse_or_scroll_page,,,请在当前页面向下浏览/滑动一次，停留观察 3 秒后截图。,results/DouYin/low_payment_browsing/20260607_170327/screenshots/step_023.png,,0.0,0.0,0.0,0.0,0.0,1.0,0.0
DouYin,low_payment_browsing,24,2026-06-07T17:21:36,browse_or_scroll_page,,,请在当前页面向下浏览/滑动一次，停留观察 3 秒后截图。,results/DouYin/low_payment_browsing/20260607_170327/screenshots/step_024.png,,0.0,0.0,1.0,0.0,0.0,0.0,0.0
DouYin,low_payment_browsing,25,2026-06-07T17:21:48,visit_homepage,,,请回到 DouYin 首页，等待 3 秒后截图。,results/DouYin/low_payment_browsing/20260607_170327/screenshots/step_025.png,,0.0,0.0,0.0,0.0,0.0,0.0,0.0
DouYin,low_payment_browsing,26,2026-06-07T17:22:26,visit_homepage,,,请回到 DouYin 首页，等待 3 秒后截图。,results/DouYin/low_payment_browsing/20260607_170327/screenshots/step_026.png,,1.0,0.0,0.0,1.0,0.0,0.0,0.0
DouYin,low_payment_browsing,27,2026-06-07T17:22:59,search_keyword,daily_necessities,零食,请在搜索框输入“零食”，点击第一个自然/推荐结果，等待 3 秒后截图。,results/DouYin/low_payment_browsing/20260607_170327/screenshots/step_027.png,,2.0,1.0,1.0,1.0,0.0,1.0,1.0
DouYin,low_payment_browsing,28,2026-06-07T17:23:46,decision_interface_visit,,,请点击当前屏幕中最明显的决策入口，例如内容详情、会员、订阅、充值、购买、领取优惠等，等待 3 秒后截图。,results/DouYin/low_payment_browsing/20260607_170327/screenshots/step_028.png,,2.0,1.0,1.0,0.0,1.0,1.0,1.0
DouYin,low_payment_browsing,29,2026-06-07T17:24:32,visit_homepage,,,请回到 DouYin 首页，等待 3 秒后截图。,results/DouYin/low_payment_browsing/20260607_170327/screenshots/step_029.png,,0.0,0.0,0.0,0.0,0.0,0.0,0.0
DouYin,low_payment_browsing,30,2026-06-07T17:25:08,browse_or_scroll_page,,,请在当前页面向下浏览/滑动一次，停留观察 3 秒后截图。,results/DouYin/low_payment_browsing/20260607_170327/screenshots/step_030.png,,0.0,0.0,0.0,0.0,0.0,0.0,0.0
DouYin,high_payment_shopping,1,2026-06-07T17:25:50,decision_interface_visit,,,请点击当前屏幕中最明显的决策入口，例如内容详情、会员、订阅、充值、购买、领取优惠等，等待 3 秒后截图。,results/DouYin/high_payment_shopping/20260607_172523/screenshots/step_001.png,,2.0,0.0,0.0,0.0,0.0,0.0,0.0
DouYin,high_payment_shopping,2,2026-06-07T17:26:08,browse_or_scroll_page,,,请在当前页面向下浏览/滑动一次，停留观察 3 秒后截图。,results/DouYin/high_payment_shopping/20260607_172523/screenshots/step_002.png,,1.0,0.0,0.0,0.0,0.0,0.0,0.0
DouYin,high_payment_shopping,3,2026-06-07T17:26:53,decision_interface_visit,,,请点击当前屏幕中最明显的决策入口，例如内容详情、会员、订阅、充值、购买、领取优惠等，等待 3 秒后截图。,results/DouYin/high_payment_shopping/20260607_172523/screenshots/step_003.png,,1.0,1.0,0.0,0.0,1.0,1.0,0.0
DouYin,high_payment_shopping,4,2026-06-07T17:27:24,decision_interface_visit,,,请点击当前屏幕中最明显的决策入口，例如内容详情、会员、订阅、充值、购买、领取优惠等，等待 3 秒后截图。,results/DouYin/high_payment_shopping/20260607_172523/screenshots/step_004.png,,0.0,0.0,0.0,0.0,0.0,1.0,0.0
DouYin,high_payment_shopping,5,2026-06-07T17:27:54,decision_interface_visit,,,请点击当前屏幕中最明显的决策入口，例如内容详情、会员、订阅、充值、购买、领取优惠等，等待 3 秒后截图。,results/DouYin/high_payment_shopping/20260607_172523/screenshots/step_005.png,,1.0,0.0,0.0,0.0,0.0,0.0,0.0
DouYin,high_payment_shopping,6,2026-06-07T17:28:43,search_keyword,shopping,限时秒杀,请在搜索框输入“限时秒杀”，点击第一个自然/推荐结果，等待 3 秒后截图。,results/DouYin/high_payment_shopping/20260607_172523/screenshots/step_006.png,,2.0,1.0,1.0,0.0,0.0,1.0,0.0
DouYin,high_payment_shopping,7,2026-06-07T17:29:18,search_keyword,electronics_high_value,索尼相机,请在搜索框输入“索尼相机”，点击第一个自然/推荐结果，等待 3 秒后截图。,results/DouYin/high_payment_shopping/20260607_172523/screenshots/step_007.png,,2.0,1.0,1.0,0.0,0.0,1.0,0.0
DouYin,high_payment_shopping,8,2026-06-07T17:29:40,browse_or_scroll_page,,,请在当前页面向下浏览/滑动一次，停留观察 3 秒后截图。,results/DouYin/high_payment_shopping/20260607_172523/screenshots/step_008.png,,2.0,1.0,1.0,0.0,0.0,0.0,0.0
DouYin,high_payment_shopping,9,2026-06-07T17:30:19,visit_homepage,,,请回到 DouYin 首页，等待 3 秒后截图。,results/DouYin/high_payment_shopping/20260607_172523/screenshots/step_009.png,,1.0,0.0,0.0,0.0,0.0,0.0,0.0
DouYin,high_payment_shopping,10,2026-06-07T17:31:40,search_keyword,electronics_high_value,平板电脑,请在搜索框输入“平板电脑”，点击第一个自然/推荐结果，等待 3 秒后截图。,results/DouYin/high_payment_shopping/20260607_172523/screenshots/step_010.png,,2.0,1.0,1.0,1.0,0.0,1.0,0.0
DouYin,high_payment_shopping,11,2026-06-07T17:32:05,decision_interface_visit,,,请点击当前屏幕中最明显的决策入口，例如内容详情、会员、订阅、充值、购买、领取优惠等，等待 3 秒后截图。,results/DouYin/high_payment_shopping/20260607_172523/screenshots/step_011.png,,1.0,1.0,1.0,0.0,0.0,1.0,1.0
DouYin,high_payment_shopping,12,2026-06-07T17:32:38,browse_or_scroll_page,,,请在当前页面向下浏览/滑动一次，停留观察 3 秒后截图。,results/DouYin/high_payment_shopping/20260607_172523/screenshots/step_012.png,,2.0,1.0,1.0,0.0,0.0,1.0,0.0
DouYin,high_payment_shopping,13,2026-06-07T17:33:05,browse_or_scroll_page,,,请在当前页面向下浏览/滑动一次，停留观察 3 秒后截图。,results/DouYin/high_payment_shopping/20260607_172523/screenshots/step_013.png,,1.0,1.0,1.0,0.0,0.0,0.0,0.0
DouYin,high_payment_shopping,14,2026-06-07T17:35:14,decision_interface_visit,,,请点击当前屏幕中最明显的决策入口，例如内容详情、会员、订阅、充值、购买、领取优惠等，等待 3 秒后截图。,results/DouYin/high_payment_shopping/20260607_172523/screenshots/step_014.png,,2.0,0.0,1.0,0.0,0.0,0.0,0.0
DouYin,high_payment_shopping,15,2026-06-07T17:36:41,decision_interface_visit,,,请点击当前屏幕中最明显的决策入口，例如内容详情、会员、订阅、充值、购买、领取优惠等，等待 3 秒后截图。,results/DouYin/high_payment_shopping/20260607_172523/screenshots/step_015.png,,2.0,1.0,0.0,0.0,1.0,1.0,0.0
DouYin,high_payment_shopping,16,2026-06-07T17:37:00,browse_or_scroll_page,,,请在当前页面向下浏览/滑动一次，停留观察 3 秒后截图。,results/DouYin/high_payment_shopping/20260607_172523/screenshots/step_016.png,,2.0,1.0,1.0,0.0,1.0,1.0,0.0
DouYin,high_payment_shopping,17,2026-06-07T17:37:23,browse_or_scroll_page,,,请在当前页面向下浏览/滑动一次，停留观察 3 秒后截图。,results/DouYin/high_payment_shopping/20260607_172523/screenshots/step_017.png,,2.0,0.0,1.0,0.0,0.0,1.0,0.0
DouYin,high_payment_shopping,18,2026-06-07T17:37:37,browse_or_scroll_page,,,请在当前页面向下浏览/滑动一次，停留观察 3 秒后截图。,results/DouYin/high_payment_shopping/20260607_172523/screenshots/step_018.png,,2.0,0.0,1.0,0.0,0.0,1.0,0.0
DouYin,high_payment_shopping,19,2026-06-07T17:38:37,search_keyword,electronics_high_value,索尼相机,请在搜索框输入“索尼相机”，点击第一个自然/推荐结果，等待 3 秒后截图。,results/DouYin/high_payment_shopping/20260607_172523/screenshots/step_019.png,,2.0,1.0,1.0,0.0,0.0,1.0,0.0
DouYin,high_payment_shopping,20,2026-06-07T17:38:48,browse_or_scroll_page,,,请在当前页面向下浏览/滑动一次，停留观察 3 秒后截图。,results/DouYin/high_payment_shopping/20260607_172523/screenshots/step_020.png,,2.0,1.0,1.0,0.0,0.0,1.0,0.0
DouYin,high_payment_shopping,21,2026-06-07T17:39:13,browse_or_scroll_page,,,请在当前页面向下浏览/滑动一次，停留观察 3 秒后截图。,results/DouYin/high_payment_shopping/20260607_172523/screenshots/step_021.png,,1.0,2.0,1.0,0.0,0.0,0.0,0.0
DouYin,high_payment_shopping,22,2026-06-07T17:40:02,browse_or_scroll_page,,,请在当前页面向下浏览/滑动一次，停留观察 3 秒后截图。,results/DouYin/high_payment_shopping/20260607_172523/screenshots/step_022.png,,1.0,2.0,0.0,0.0,0.0,0.0,0.0
DouYin,high_payment_shopping,23,2026-06-07T17:40:40,search_keyword,electronics_high_value,联想笔记本,请在搜索框输入“联想笔记本”，点击第一个自然/推荐结果，等待 3 秒后截图。,results/DouYin/high_payment_shopping/20260607_172523/screenshots/step_023.png,,2.0,1.0,1.0,0.0,0.0,2.0,0.0
DouYin,high_payment_shopping,24,2026-06-07T17:41:13,browse_or_scroll_page,,,请在当前页面向下浏览/滑动一次，停留观察 3 秒后截图。,results/DouYin/high_payment_shopping/20260607_172523/screenshots/step_024.png,,1.0,1.0,1.0,0.0,0.0,0.0,0.0
DouYin,high_payment_shopping,25,2026-06-07T17:42:27,search_keyword,shopping,满减券,请在搜索框输入“满减券”，点击第一个自然/推荐结果，等待 3 秒后截图。,results/DouYin/high_payment_shopping/20260607_172523/screenshots/step_025.png,,2.0,1.0,1.0,0.0,0.0,1.0,0.0
DouYin,high_payment_shopping,26,2026-06-07T17:42:52,search_keyword,shopping,会员,请在搜索框输入“会员”，点击第一个自然/推荐结果，等待 3 秒后截图。,results/DouYin/high_payment_shopping/20260607_172523/screenshots/step_026.png,,2.0,1.0,1.0,0.0,0.0,1.0,0.0
DouYin,high_payment_shopping,27,2026-06-07T17:43:22,search_keyword,daily_necessities,洗衣液,请在搜索框输入“洗衣液”，点击第一个自然/推荐结果，等待 3 秒后截图。,results/DouYin/high_payment_shopping/20260607_172523/screenshots/step_027.png,,2.0,0.0,1.0,1.0,0.0,0.0,0.0
DouYin,high_payment_shopping,28,2026-06-07T17:43:39,decision_interface_visit,,,请点击当前屏幕中最明显的决策入口，例如内容详情、会员、订阅、充值、购买、领取优惠等，等待 3 秒后截图。,results/DouYin/high_payment_shopping/20260607_172523/screenshots/step_028.png,,2.0,1.0,0.0,0.0,0.0,0.0,0.0
DouYin,high_payment_shopping,29,2026-06-07T17:44:28,visit_homepage,,,请回到 DouYin 首页，等待 3 秒后截图。,results/DouYin/high_payment_shopping/20260607_172523/screenshots/step_029.png,,1.0,0.0,0.0,0.0,0.0,0.0,0.0
DouYin,high_payment_shopping,30,2026-06-07T17:44:51,search_keyword,electronics_high_value,手机,请在搜索框输入“手机”，点击第一个自然/推荐结果，等待 3 秒后截图。,results/DouYin/high_payment_shopping/20260607_172523/screenshots/step_030.png,,2.0,1.0,1.0,0.0,0.0,1.0,0.0
DouYin,bargain_hunter,1,2026-06-07T17:46:13,search_keyword,shopping,会员,请在搜索框输入“会员”，点击第一个自然/推荐结果，等待 3 秒后截图。,results/DouYin/bargain_hunter/20260607_174516/screenshots/step_001.png,,2.0,1.0,1.0,0.0,0.0,0.0,0.0
DouYin,bargain_hunter,2,2026-06-07T17:46:49,decision_interface_visit,,,请点击当前屏幕中最明显的决策入口，例如内容详情、会员、订阅、充值、购买、领取优惠等，等待 3 秒后截图。,results/DouYin/bargain_hunter/20260607_174516/screenshots/step_002.png,,1.0,1.0,1.0,0.0,0.0,1.0,1.0
DouYin,bargain_hunter,3,2026-06-07T17:48:54,decision_interface_visit,,,请点击当前屏幕中最明显的决策入口，例如内容详情、会员、订阅、充值、购买、领取优惠等，等待 3 秒后截图。,results/DouYin/bargain_hunter/20260607_174516/screenshots/step_003.png,,2.0,0.0,1.0,0.0,0.0,0.0,0.0
DouYin,bargain_hunter,4,2026-06-07T17:49:38,visit_homepage,,,请回到 DouYin 首页，等待 3 秒后截图。,results/DouYin/bargain_hunter/20260607_174516/screenshots/step_004.png,,1.0,0.0,0.0,0.0,0.0,1.0,0.0
DouYin,bargain_hunter,5,2026-06-07T17:50:14,decision_interface_visit,,,请点击当前屏幕中最明显的决策入口，例如内容详情、会员、订阅、充值、购买、领取优惠等，等待 3 秒后截图。,results/DouYin/bargain_hunter/20260607_174516/screenshots/step_005.png,,2.0,0.0,0.0,1.0,0.0,0.0,0.0
DouYin,bargain_hunter,6,2026-06-07T17:51:20,search_keyword,shopping,百亿补贴,请在搜索框输入“百亿补贴”，点击第一个自然/推荐结果，等待 3 秒后截图。,results/DouYin/bargain_hunter/20260607_174516/screenshots/step_006.png,,0.0,0.0,1.0,0.0,0.0,0.0,0.0
DouYin,bargain_hunter,7,2026-06-07T17:51:43,visit_homepage,,,请回到 DouYin 首页，等待 3 秒后截图。,results/DouYin/bargain_hunter/20260607_174516/screenshots/step_007.png,,1.0,0.0,1.0,0.0,0.0,0.0,0.0
DouYin,bargain_hunter,8,2026-06-07T17:52:01,browse_or_scroll_page,,,请在当前页面向下浏览/滑动一次，停留观察 3 秒后截图。,results/DouYin/bargain_hunter/20260607_174516/screenshots/step_008.png,,1.0,0.0,1.0,0.0,0.0,0.0,0.0
DouYin,bargain_hunter,9,2026-06-07T17:52:22,decision_interface_visit,,,请点击当前屏幕中最明显的决策入口，例如内容详情、会员、订阅、充值、购买、领取优惠等，等待 3 秒后截图。,results/DouYin/bargain_hunter/20260607_174516/screenshots/step_009.png,,1.0,1.0,0.0,0.0,0.0,1.0,1.0
DouYin,bargain_hunter,10,2026-06-07T17:53:12,browse_or_scroll_page,,,请在当前页面向下浏览/滑动一次，停留观察 3 秒后截图。,results/DouYin/bargain_hunter/20260607_174516/screenshots/step_010.png,,0.0,0.0,0.0,0.0,0.0,0.0,0.0
DouYin,bargain_hunter,11,2026-06-07T17:53:33,decision_interface_visit,,,请点击当前屏幕中最明显的决策入口，例如内容详情、会员、订阅、充值、购买、领取优惠等，等待 3 秒后截图。,results/DouYin/bargain_hunter/20260607_174516/screenshots/step_011.png,,2.0,0.0,0.0,0.0,0.0,0.0,0.0
DouYin,bargain_hunter,12,2026-06-07T17:53:48,browse_or_scroll_page,,,请在当前页面向下浏览/滑动一次，停留观察 3 秒后截图。,results/DouYin/bargain_hunter/20260607_174516/screenshots/step_012.png,,0.0,0.0,0.0,0.0,0.0,0.0,0.0
DouYin,bargain_hunter,13,2026-06-07T17:55:03,browse_or_scroll_page,,,请在当前页面向下浏览/滑动一次，停留观察 3 秒后截图。,results/DouYin/bargain_hunter/20260607_174516/screenshots/step_013.png,,1.0,0.0,0.0,1.0,0.0,0.0,0.0
DouYin,bargain_hunter,14,2026-06-07T17:55:18,browse_or_scroll_page,,,请在当前页面向下浏览/滑动一次，停留观察 3 秒后截图。,results/DouYin/bargain_hunter/20260607_174516/screenshots/step_014.png,,1.0,0.0,1.0,0.0,0.0,1.0,0.0
DouYin,bargain_hunter,15,2026-06-07T17:56:05,search_keyword,shopping,百亿补贴,请在搜索框输入“百亿补贴”，点击第一个自然/推荐结果，等待 3 秒后截图。,results/DouYin/bargain_hunter/20260607_174516/screenshots/step_015.png,,0.0,0.0,0.0,0.0,0.0,0.0,0.0
DouYin,bargain_hunter,16,2026-06-07T17:56:15,browse_or_scroll_page,,,请在当前页面向下浏览/滑动一次，停留观察 3 秒后截图。,results/DouYin/bargain_hunter/20260607_174516/screenshots/step_016.png,,1.0,0.0,0.0,0.0,0.0,0.0,0.0
DouYin,bargain_hunter,17,2026-06-07T17:56:30,browse_or_scroll_page,,,请在当前页面向下浏览/滑动一次，停留观察 3 秒后截图。,results/DouYin/bargain_hunter/20260607_174516/screenshots/step_017.png,,1.0,1.0,0.0,0.0,0.0,1.0,0.0
DouYin,bargain_hunter,18,2026-06-07T17:56:54,visit_homepage,,,请回到 DouYin 首页，等待 3 秒后截图。,results/DouYin/bargain_hunter/20260607_174516/screenshots/step_018.png,,0.0,0.0,0.0,0.0,0.0,0.0,0.0
DouYin,bargain_hunter,19,2026-06-07T17:57:22,search_keyword,shopping,百亿补贴,请在搜索框输入“百亿补贴”，点击第一个自然/推荐结果，等待 3 秒后截图。,results/DouYin/bargain_hunter/20260607_174516/screenshots/step_019.png,,2.0,0.0,1.0,1.0,0.0,0.0,0.0
DouYin,bargain_hunter,20,2026-06-07T17:58:39,search_keyword,shopping,拼单,请在搜索框输入“拼单”，点击第一个自然/推荐结果，等待 3 秒后截图。,results/DouYin/bargain_hunter/20260607_174516/screenshots/step_020.png,,0.0,0.0,1.0,0.0,0.0,0.0,0.0
DouYin,bargain_hunter,21,2026-06-07T17:58:49,browse_or_scroll_page,,,请在当前页面向下浏览/滑动一次，停留观察 3 秒后截图。,results/DouYin/bargain_hunter/20260607_174516/screenshots/step_021.png,,1.0,0.0,0.0,0.0,0.0,0.0,0.0
DouYin,bargain_hunter,22,2026-06-07T17:59:11,search_keyword,shopping,满减券,请在搜索框输入“满减券”，点击第一个自然/推荐结果，等待 3 秒后截图。,results/DouYin/bargain_hunter/20260607_174516/screenshots/step_022.png,,2.0,0.0,1.0,0.0,0.0,1.0,0.0
DouYin,bargain_hunter,23,2026-06-07T17:59:41,search_keyword,shopping,拼单,请在搜索框输入“拼单”，点击第一个自然/推荐结果，等待 3 秒后截图。,results/DouYin/bargain_hunter/20260607_174516/screenshots/step_023.png,,1.0,0.0,1.0,0.0,0.0,0.0,0.0
DouYin,bargain_hunter,24,2026-06-07T17:59:51,browse_or_scroll_page,,,请在当前页面向下浏览/滑动一次，停留观察 3 秒后截图。,results/DouYin/bargain_hunter/20260607_174516/screenshots/step_024.png,,0.0,0.0,0.0,0.0,0.0,0.0,0.0
DouYin,bargain_hunter,25,2026-06-07T18:00:02,browse_or_scroll_page,,,请在当前页面向下浏览/滑动一次，停留观察 3 秒后截图。,results/DouYin/bargain_hunter/20260607_174516/screenshots/step_025.png,,0.0,0.0,0.0,0.0,0.0,0.0,0.0
DouYin,bargain_hunter,26,2026-06-07T18:00:31,decision_interface_visit,,,请点击当前屏幕中最明显的决策入口，例如内容详情、会员、订阅、充值、购买、领取优惠等，等待 3 秒后截图。,results/DouYin/bargain_hunter/20260607_174516/screenshots/step_026.png,,2.0,1.0,1.0,0.0,0.0,0.0,0.0
DouYin,bargain_hunter,27,2026-06-07T18:00:53,browse_or_scroll_page,,,请在当前页面向下浏览/滑动一次，停留观察 3 秒后截图。,results/DouYin/bargain_hunter/20260607_174516/screenshots/step_027.png,0,2.0,0.0,1.0,0.0,0.0,0.0,0.0
DouYin,bargain_hunter,28,2026-06-07T18:01:33,search_keyword,shopping,会员,请在搜索框输入“会员”，点击第一个自然/推荐结果，等待 3 秒后截图。,results/DouYin/bargain_hunter/20260607_174516/screenshots/step_028.png,,2.0,0.0,1.0,0.0,0.0,1.0,0.0
DouYin,bargain_hunter,29,2026-06-07T18:02:00,search_keyword,shopping,满减券,请在搜索框输入“满减券”，点击第一个自然/推荐结果，等待 3 秒后截图。,results/DouYin/bargain_hunter/20260607_174516/screenshots/step_029.png,,2.0,1.0,1.0,1.0,0.0,1.0,0.0
DouYin,bargain_hunter,30,2026-06-07T18:02:25,browse_or_scroll_page,,,请在当前页面向下浏览/滑动一次，停留观察 3 秒后截图。,results/DouYin/bargain_hunter/20260607_174516/screenshots/step_030.png,,2.0,1.0,1.0,0.0,0.0,0.0,0.0
XiaoHongShu,low_payment_browsing,1,2026-06-07T01:09:52,browse_or_scroll_page,,,请在当前页面向下浏览/滑动一次，停留观察 3 秒后截图。,results/XiaoHongShu/low_payment_browsing/20260607_010933/screenshots/step_001.png,,2.0,0.0,0.0,0.0,1.0,1.0,1.0
XiaoHongShu,low_payment_browsing,2,2026-06-07T01:11:00,browse_or_scroll_page,,,请在当前页面向下浏览/滑动一次，停留观察 3 秒后截图。,results/XiaoHongShu/low_payment_browsing/20260607_010933/screenshots/step_002.png,,0.0,0.0,0.0,0.0,0.0,0.0,0.0
XiaoHongShu,low_payment_browsing,3,2026-06-07T01:11:56,search_keyword,electronics_high_value,手柄,请在搜索框输入“手柄”，点击第一个自然/推荐结果，等待 3 秒后截图。,results/XiaoHongShu/low_payment_browsing/20260607_010933/screenshots/step_003.png,,0.0,0.0,0.0,0.0,0.0,1.0,0.0
XiaoHongShu,low_payment_browsing,4,2026-06-07T01:12:50,browse_or_scroll_page,,,请在当前页面向下浏览/滑动一次，停留观察 3 秒后截图。,results/XiaoHongShu/low_payment_browsing/20260607_010933/screenshots/step_004.png,,0.0,0.0,0.0,0.0,1.0,0.0,0.0
XiaoHongShu,low_payment_browsing,5,2026-06-07T01:13:33,search_keyword,daily_necessities,纸巾,请在搜索框输入“纸巾”，点击第一个自然/推荐结果，等待 3 秒后截图。,results/XiaoHongShu/low_payment_browsing/20260607_010933/screenshots/step_005.png,,0.0,0.0,0.0,0.0,0.0,0.0,0.0
XiaoHongShu,low_payment_browsing,6,2026-06-07T01:14:28,search_keyword,shopping,满减券,请在搜索框输入“满减券”，点击第一个自然/推荐结果，等待 3 秒后截图。,results/XiaoHongShu/low_payment_browsing/20260607_010933/screenshots/step_006.png,,2.0,0.0,0.0,1.0,0.0,0.0,0.0
XiaoHongShu,low_payment_browsing,7,2026-06-07T01:15:24,search_keyword,electronics_high_value,手柄,请在搜索框输入“手柄”，点击第一个自然/推荐结果，等待 3 秒后截图。,results/XiaoHongShu/low_payment_browsing/20260607_010933/screenshots/step_007.png,,0.0,0.0,0.0,0.0,0.0,0.0,0.0
XiaoHongShu,low_payment_browsing,8,2026-06-07T01:15:36,browse_or_scroll_page,,,请在当前页面向下浏览/滑动一次，停留观察 3 秒后截图。,results/XiaoHongShu/low_payment_browsing/20260607_010933/screenshots/step_008.png,,0.0,0.0,0.0,0.0,0.0,0.0,0.0
XiaoHongShu,low_payment_browsing,9,2026-06-07T01:16:37,search_keyword,apparel_beauty,面膜,请在搜索框输入“面膜”，点击第一个自然/推荐结果，等待 3 秒后截图。,results/XiaoHongShu/low_payment_browsing/20260607_010933/screenshots/step_009.png,,1.0,0.0,0.0,1.0,0.0,1.0,0.0
XiaoHongShu,low_payment_browsing,10,2026-06-07T01:17:28,visit_homepage,,,请回到 XiaoHongShu 首页，等待 3 秒后截图。,results/XiaoHongShu/low_payment_browsing/20260607_010933/screenshots/step_010.png,,1.0,0.0,1.0,1.0,0.0,0.0,0.0
XiaoHongShu,low_payment_browsing,11,2026-06-07T01:17:53,browse_or_scroll_page,,,请在当前页面向下浏览/滑动一次，停留观察 3 秒后截图。,results/XiaoHongShu/low_payment_browsing/20260607_010933/screenshots/step_011.png,,0.0,0.0,0.0,0.0,0.0,0.0,0.0
XiaoHongShu,low_payment_browsing,12,2026-06-07T01:18:39,search_keyword,apparel_beauty,粉底液,请在搜索框输入“粉底液”，点击第一个自然/推荐结果，等待 3 秒后截图。,results/XiaoHongShu/low_payment_browsing/20260607_010933/screenshots/step_012.png,,0.0,0.0,0.0,0.0,0.0,0.0,0.0
XiaoHongShu,low_payment_browsing,13,2026-06-07T01:18:59,browse_or_scroll_page,,,请在当前页面向下浏览/滑动一次，停留观察 3 秒后截图。,results/XiaoHongShu/low_payment_browsing/20260607_010933/screenshots/step_013.png,,0.0,0.0,0.0,0.0,0.0,0.0,0.0
XiaoHongShu,low_payment_browsing,14,2026-06-07T01:19:22,browse_or_scroll_page,,,请在当前页面向下浏览/滑动一次，停留观察 3 秒后截图。,results/XiaoHongShu/low_payment_browsing/20260607_010933/screenshots/step_014.png,,0.0,0.0,0.0,0.0,0.0,0.0,0.0
XiaoHongShu,low_payment_browsing,15,2026-06-07T01:20:02,browse_or_scroll_page,,,请在当前页面向下浏览/滑动一次，停留观察 3 秒后截图。,results/XiaoHongShu/low_payment_browsing/20260607_010933/screenshots/step_015.png,,0.0,0.0,0.0,0.0,0.0,0.0,0.0
XiaoHongShu,low_payment_browsing,16,2026-06-07T01:21:31,decision_interface_visit,,,请点击当前屏幕中最明显的决策入口，例如内容详情、会员、订阅、充值、购买、领取优惠等，等待 3 秒后截图。,results/XiaoHongShu/low_payment_browsing/20260607_010933/screenshots/step_016.png,,1.0,0.0,0.0,0.0,0.0,0.0,0.0
XiaoHongShu,low_payment_browsing,17,2026-06-07T01:21:56,browse_or_scroll_page,,,请在当前页面向下浏览/滑动一次，停留观察 3 秒后截图。,results/XiaoHongShu/low_payment_browsing/20260607_010933/screenshots/step_017.png,,0.0,0.0,0.0,0.0,0.0,0.0,0.0
XiaoHongShu,low_payment_browsing,18,2026-06-07T01:23:17,search_keyword,apparel_beauty,粉底液,请在搜索框输入“粉底液”，点击第一个自然/推荐结果，等待 3 秒后截图。,results/XiaoHongShu/low_payment_browsing/20260607_010933/screenshots/step_018.png,,0.0,0.0,1.0,0.0,0.0,0.0,0.0
XiaoHongShu,low_payment_browsing,19,2026-06-07T01:23:50,browse_or_scroll_page,,,请在当前页面向下浏览/滑动一次，停留观察 3 秒后截图。,results/XiaoHongShu/low_payment_browsing/20260607_010933/screenshots/step_019.png,,1.0,0.0,0.0,0.0,0.0,0.0,0.0
XiaoHongShu,low_payment_browsing,20,2026-06-07T01:24:20,browse_or_scroll_page,,,请在当前页面向下浏览/滑动一次，停留观察 3 秒后截图。,results/XiaoHongShu/low_payment_browsing/20260607_010933/screenshots/step_020.png,,0.0,0.0,0.0,0.0,0.0,0.0,0.0
XiaoHongShu,low_payment_browsing,21,2026-06-07T01:25:06,decision_interface_visit,,,请点击当前屏幕中最明显的决策入口，例如内容详情、会员、订阅、充值、购买、领取优惠等，等待 3 秒后截图。,results/XiaoHongShu/low_payment_browsing/20260607_010933/screenshots/step_021.png,,1.0,0.0,0.0,0.0,0.0,0.0,0.0
XiaoHongShu,low_payment_browsing,22,2026-06-07T01:25:46,visit_homepage,,,请回到 XiaoHongShu 首页，等待 3 秒后截图。,results/XiaoHongShu/low_payment_browsing/20260607_010933/screenshots/step_022.png,,0.0,0.0,0.0,0.0,0.0,0.0,0.0
XiaoHongShu,low_payment_browsing,23,2026-06-07T01:26:12,browse_or_scroll_page,,,请在当前页面向下浏览/滑动一次，停留观察 3 秒后截图。,results/XiaoHongShu/low_payment_browsing/20260607_010933/screenshots/step_023.png,,0.0,0.0,0.0,0.0,0.0,0.0,0.0
XiaoHongShu,low_payment_browsing,24,2026-06-07T01:26:41,browse_or_scroll_page,,,请在当前页面向下浏览/滑动一次，停留观察 3 秒后截图。,results/XiaoHongShu/low_payment_browsing/20260607_010933/screenshots/step_024.png,,0.0,0.0,1.0,0.0,0.0,0.0,0.0
XiaoHongShu,low_payment_browsing,25,2026-06-07T01:27:24,visit_homepage,,,请回到 XiaoHongShu 首页，等待 3 秒后截图。,results/XiaoHongShu/low_payment_browsing/20260607_010933/screenshots/step_025.png,,0.0,0.0,1.0,0.0,0.0,0.0,0.0
XiaoHongShu,low_payment_browsing,26,2026-06-07T01:28:22,visit_homepage,,,请回到 XiaoHongShu 首页，等待 3 秒后截图。,results/XiaoHongShu/low_payment_browsing/20260607_010933/screenshots/step_026.png,,0.0,0.0,0.0,0.0,0.0,0.0,0.0
XiaoHongShu,low_payment_browsing,27,2026-06-07T01:29:19,search_keyword,daily_necessities,零食,请在搜索框输入“零食”，点击第一个自然/推荐结果，等待 3 秒后截图。,results/XiaoHongShu/low_payment_browsing/20260607_010933/screenshots/step_027.png,,0.0,0.0,0.0,0.0,0.0,0.0,0.0
XiaoHongShu,low_payment_browsing,28,2026-06-07T01:30:11,decision_interface_visit,,,请点击当前屏幕中最明显的决策入口，例如内容详情、会员、订阅、充值、购买、领取优惠等，等待 3 秒后截图。,results/XiaoHongShu/low_payment_browsing/20260607_010933/screenshots/step_028.png,,2.0,0.0,0.0,0.0,0.0,0.0,0.0
XiaoHongShu,low_payment_browsing,29,2026-06-07T01:30:51,visit_homepage,,,请回到 XiaoHongShu 首页，等待 3 秒后截图。,results/XiaoHongShu/low_payment_browsing/20260607_010933/screenshots/step_029.png,,2.0,0.0,0.0,0.0,0.0,0.0,0.0
XiaoHongShu,low_payment_browsing,30,2026-06-07T01:31:30,browse_or_scroll_page,,,请在当前页面向下浏览/滑动一次，停留观察 3 秒后截图。,results/XiaoHongShu/low_payment_browsing/20260607_010933/screenshots/step_030.png,,2.0,0.0,1.0,0.0,0.0,0.0,0.0
XiaoHongShu,high_payment_shopping,1,2026-06-07T01:35:13,decision_interface_visit,,,请点击当前屏幕中最明显的决策入口，例如内容详情、会员、订阅、充值、购买、领取优惠等，等待 3 秒后截图。,results/XiaoHongShu/high_payment_shopping/20260607_013444/screenshots/step_001.png,,2.0,0.0,0.0,0.0,0.0,0.0,0.0
XiaoHongShu,high_payment_shopping,2,2026-06-07T01:35:51,browse_or_scroll_page,,,请在当前页面向下浏览/滑动一次，停留观察 3 秒后截图。,results/XiaoHongShu/high_payment_shopping/20260607_013444/screenshots/step_002.png,,0.0,0.0,0.0,0.0,0.0,0.0,0.0
XiaoHongShu,high_payment_shopping,3,2026-06-07T01:36:30,decision_interface_visit,,,请点击当前屏幕中最明显的决策入口，例如内容详情、会员、订阅、充值、购买、领取优惠等，等待 3 秒后截图。,results/XiaoHongShu/high_payment_shopping/20260607_013444/screenshots/step_003.png,,1.0,0.0,0.0,0.0,0.0,0.0,0.0
XiaoHongShu,high_payment_shopping,4,2026-06-07T01:40:09,decision_interface_visit,,,请点击当前屏幕中最明显的决策入口，例如内容详情、会员、订阅、充值、购买、领取优惠等，等待 3 秒后截图。,results/XiaoHongShu/high_payment_shopping/20260607_013444/screenshots/step_004.png,,1.0,0.0,0.0,0.0,0.0,0.0,0.0
XiaoHongShu,high_payment_shopping,5,2026-06-07T01:40:51,decision_interface_visit,,,请点击当前屏幕中最明显的决策入口，例如内容详情、会员、订阅、充值、购买、领取优惠等，等待 3 秒后截图。,results/XiaoHongShu/high_payment_shopping/20260607_013444/screenshots/step_005.png,,0.0,0.0,0.0,0.0,0.0,0.0,0.0
XiaoHongShu,high_payment_shopping,6,2026-06-07T01:41:40,search_keyword,shopping,限时秒杀,请在搜索框输入“限时秒杀”，点击第一个自然/推荐结果，等待 3 秒后截图。,results/XiaoHongShu/high_payment_shopping/20260607_013444/screenshots/step_006.png,,0.0,0.0,0.0,0.0,0.0,0.0,0.0
XiaoHongShu,high_payment_shopping,7,2026-06-07T01:43:28,search_keyword,electronics_high_value,索尼相机,请在搜索框输入“索尼相机”，点击第一个自然/推荐结果，等待 3 秒后截图。,results/XiaoHongShu/high_payment_shopping/20260607_013444/screenshots/step_007.png,,2.0,0.0,0.0,0.0,0.0,1.0,0.0
XiaoHongShu,high_payment_shopping,8,2026-06-07T01:45:54,browse_or_scroll_page,,,请在当前页面向下浏览/滑动一次，停留观察 3 秒后截图。,results/XiaoHongShu/high_payment_shopping/20260607_013444/screenshots/step_008.png,,2.0,0.0,1.0,0.0,0.0,0.0,0.0
XiaoHongShu,high_payment_shopping,9,2026-06-07T01:46:22,visit_homepage,,,请回到 XiaoHongShu 首页，等待 3 秒后截图。,results/XiaoHongShu/high_payment_shopping/20260607_013444/screenshots/step_009.png,,0.0,0.0,0.0,0.0,0.0,0.0,0.0
XiaoHongShu,high_payment_shopping,10,2026-06-07T01:47:26,search_keyword,electronics_high_value,平板电脑,请在搜索框输入“平板电脑”，点击第一个自然/推荐结果，等待 3 秒后截图。,results/XiaoHongShu/high_payment_shopping/20260607_013444/screenshots/step_010.png,,2.0,0.0,1.0,0.0,0.0,0.0,0.0
XiaoHongShu,high_payment_shopping,11,2026-06-07T01:47:48,decision_interface_visit,,,请点击当前屏幕中最明显的决策入口，例如内容详情、会员、订阅、充值、购买、领取优惠等，等待 3 秒后截图。,results/XiaoHongShu/high_payment_shopping/20260607_013444/screenshots/step_011.png,,1.0,0.0,1.0,0.0,0.0,0.0,0.0
XiaoHongShu,high_payment_shopping,12,2026-06-07T01:48:34,browse_or_scroll_page,,,请在当前页面向下浏览/滑动一次，停留观察 3 秒后截图。,results/XiaoHongShu/high_payment_shopping/20260607_013444/screenshots/step_012.png,,1.0,0.0,1.0,0.0,0.0,0.0,0.0
XiaoHongShu,high_payment_shopping,13,2026-06-07T01:49:12,browse_or_scroll_page,,,请在当前页面向下浏览/滑动一次，停留观察 3 秒后截图。,results/XiaoHongShu/high_payment_shopping/20260607_013444/screenshots/step_013.png,,1.0,0.0,1.0,0.0,0.0,0.0,0.0
XiaoHongShu,high_payment_shopping,14,2026-06-07T01:50:12,decision_interface_visit,,,请点击当前屏幕中最明显的决策入口，例如内容详情、会员、订阅、充值、购买、领取优惠等，等待 3 秒后截图。,results/XiaoHongShu/high_payment_shopping/20260607_013444/screenshots/step_014.png,,2.0,0.0,0.0,0.0,0.0,0.0,0.0
XiaoHongShu,high_payment_shopping,15,2026-06-07T01:51:29,decision_interface_visit,,,请点击当前屏幕中最明显的决策入口，例如内容详情、会员、订阅、充值、购买、领取优惠等，等待 3 秒后截图。,results/XiaoHongShu/high_payment_shopping/20260607_013444/screenshots/step_015.png,,2.0,0.0,1.0,0.0,0.0,1.0,1.0
XiaoHongShu,high_payment_shopping,16,2026-06-07T01:52:02,browse_or_scroll_page,,,请在当前页面向下浏览/滑动一次，停留观察 3 秒后截图。,results/XiaoHongShu/high_payment_shopping/20260607_013444/screenshots/step_016.png,,0.0,0.0,0.0,0.0,0.0,0.0,0.0
XiaoHongShu,high_payment_shopping,17,2026-06-07T01:52:16,browse_or_scroll_page,,,请在当前页面向下浏览/滑动一次，停留观察 3 秒后截图。,results/XiaoHongShu/high_payment_shopping/20260607_013444/screenshots/step_017.png,,0.0,0.0,0.0,0.0,0.0,0.0,0.0
XiaoHongShu,high_payment_shopping,18,2026-06-07T01:53:04,browse_or_scroll_page,,,请在当前页面向下浏览/滑动一次，停留观察 3 秒后截图。,results/XiaoHongShu/high_payment_shopping/20260607_013444/screenshots/step_018.png,,2.0,0.0,1.0,0.0,0.0,0.0,0.0
XiaoHongShu,high_payment_shopping,19,2026-06-07T01:53:40,search_keyword,electronics_high_value,索尼相机,请在搜索框输入“索尼相机”，点击第一个自然/推荐结果，等待 3 秒后截图。,results/XiaoHongShu/high_payment_shopping/20260607_013444/screenshots/step_019.png,,1.0,0.0,1.0,0.0,0.0,0.0,0.0
XiaoHongShu,high_payment_shopping,20,2026-06-07T01:53:54,browse_or_scroll_page,,,请在当前页面向下浏览/滑动一次，停留观察 3 秒后截图。,results/XiaoHongShu/high_payment_shopping/20260607_013444/screenshots/step_020.png,,0.0,0.0,0.0,0.0,0.0,0.0,0.0
XiaoHongShu,high_payment_shopping,21,2026-06-07T01:54:25,browse_or_scroll_page,,,请在当前页面向下浏览/滑动一次，停留观察 3 秒后截图。,results/XiaoHongShu/high_payment_shopping/20260607_013444/screenshots/step_021.png,,0.0,0.0,0.0,0.0,0.0,0.0,0.0
XiaoHongShu,high_payment_shopping,22,2026-06-07T01:54:37,browse_or_scroll_page,,,请在当前页面向下浏览/滑动一次，停留观察 3 秒后截图。,results/XiaoHongShu/high_payment_shopping/20260607_013444/screenshots/step_022.png,,0.0,0.0,0.0,0.0,0.0,0.0,0.0
XiaoHongShu,high_payment_shopping,23,2026-06-07T01:55:07,search_keyword,electronics_high_value,联想笔记本,请在搜索框输入“联想笔记本”，点击第一个自然/推荐结果，等待 3 秒后截图。,results/XiaoHongShu/high_payment_shopping/20260607_013444/screenshots/step_023.png,,0.0,0.0,1.0,0.0,0.0,0.0,0.0
XiaoHongShu,high_payment_shopping,24,2026-06-07T01:55:26,browse_or_scroll_page,,,请在当前页面向下浏览/滑动一次，停留观察 3 秒后截图。,results/XiaoHongShu/high_payment_shopping/20260607_013444/screenshots/step_024.png,,1.0,0.0,1.0,0.0,0.0,0.0,0.0
XiaoHongShu,high_payment_shopping,25,2026-06-07T01:55:59,search_keyword,shopping,满减券,请在搜索框输入“满减券”，点击第一个自然/推荐结果，等待 3 秒后截图。,results/XiaoHongShu/high_payment_shopping/20260607_013444/screenshots/step_025.png,,1.0,0.0,1.0,1.0,0.0,0.0,1.0
XiaoHongShu,high_payment_shopping,26,2026-06-07T01:56:39,search_keyword,shopping,会员,请在搜索框输入“会员”，点击第一个自然/推荐结果，等待 3 秒后截图。,results/XiaoHongShu/high_payment_shopping/20260607_013444/screenshots/step_026.png,,1.0,0.0,1.0,0.0,0.0,0.0,0.0
XiaoHongShu,high_payment_shopping,27,2026-06-07T01:56:58,search_keyword,daily_necessities,洗衣液,请在搜索框输入“洗衣液”，点击第一个自然/推荐结果，等待 3 秒后截图。,results/XiaoHongShu/high_payment_shopping/20260607_013444/screenshots/step_027.png,,0.0,0.0,0.0,0.0,0.0,0.0,0.0
XiaoHongShu,high_payment_shopping,28,2026-06-07T01:57:35,decision_interface_visit,,,请点击当前屏幕中最明显的决策入口，例如内容详情、会员、订阅、充值、购买、领取优惠等，等待 3 秒后截图。,results/XiaoHongShu/high_payment_shopping/20260607_013444/screenshots/step_028.png,,1.0,0.0,1.0,0.0,0.0,0.0,0.0
XiaoHongShu,high_payment_shopping,29,2026-06-07T01:57:56,visit_homepage,,,请回到 XiaoHongShu 首页，等待 3 秒后截图。,results/XiaoHongShu/high_payment_shopping/20260607_013444/screenshots/step_029.png,,0.0,0.0,0.0,0.0,0.0,0.0,0.0
XiaoHongShu,high_payment_shopping,30,2026-06-07T01:59:29,search_keyword,electronics_high_value,手机,请在搜索框输入“手机”，点击第一个自然/推荐结果，等待 3 秒后截图。,results/XiaoHongShu/high_payment_shopping/20260607_013444/screenshots/step_030.png,,1.0,0.0,0.0,0.0,0.0,0.0,0.0
XiaoHongShu,bargain_hunter,1,2026-06-07T04:06:54,search_keyword,shopping,会员,请在搜索框输入“会员”，点击第一个自然/推荐结果，等待 3 秒后截图。,results/XiaoHongShu/bargain_hunter/20260607_040601/screenshots/step_001.png,,2.0,0.0,1.0,0.0,0.0,0.0,0.0
XiaoHongShu,bargain_hunter,2,2026-06-07T04:07:33,decision_interface_visit,,,请点击当前屏幕中最明显的决策入口，例如内容详情、会员、订阅、充值、购买、领取优惠等，等待 3 秒后截图。,results/XiaoHongShu/bargain_hunter/20260607_040601/screenshots/step_002.png,,1.0,1.0,0.0,0.0,0.0,0.0,0.0
XiaoHongShu,bargain_hunter,3,2026-06-07T04:08:26,decision_interface_visit,,,请点击当前屏幕中最明显的决策入口，例如内容详情、会员、订阅、充值、购买、领取优惠等，等待 3 秒后截图。,results/XiaoHongShu/bargain_hunter/20260607_040601/screenshots/step_003.png,,2.0,2.0,0.0,0.0,0.0,0.0,0.0
XiaoHongShu,bargain_hunter,4,2026-06-07T04:10:12,visit_homepage,,,请回到 XiaoHongShu 首页，等待 3 秒后截图。,results/XiaoHongShu/bargain_hunter/20260607_040601/screenshots/step_004.png,,1.0,0.0,1.0,0.0,0.0,0.0,0.0
XiaoHongShu,bargain_hunter,5,2026-06-07T04:10:41,decision_interface_visit,,,请点击当前屏幕中最明显的决策入口，例如内容详情、会员、订阅、充值、购买、领取优惠等，等待 3 秒后截图。,results/XiaoHongShu/bargain_hunter/20260607_040601/screenshots/step_005.png,,2.0,0.0,1.0,1.0,0.0,0.0,0.0
XiaoHongShu,bargain_hunter,6,2026-06-07T04:11:04,search_keyword,shopping,百亿补贴,请在搜索框输入“百亿补贴”，点击第一个自然/推荐结果，等待 3 秒后截图。,results/XiaoHongShu/bargain_hunter/20260607_040601/screenshots/step_006.png,,0.0,0.0,0.0,0.0,0.0,0.0,0.0
XiaoHongShu,bargain_hunter,7,2026-06-07T04:11:27,visit_homepage,,,请回到 XiaoHongShu 首页，等待 3 秒后截图。,results/XiaoHongShu/bargain_hunter/20260607_040601/screenshots/step_007.png,,0.0,0.0,0.0,0.0,0.0,0.0,0.0
XiaoHongShu,bargain_hunter,8,2026-06-07T04:12:05,browse_or_scroll_page,,,请在当前页面向下浏览/滑动一次，停留观察 3 秒后截图。,results/XiaoHongShu/bargain_hunter/20260607_040601/screenshots/step_008.png,,1.0,0.0,0.0,0.0,0.0,0.0,0.0
XiaoHongShu,bargain_hunter,9,2026-06-07T04:12:48,decision_interface_visit,,,请点击当前屏幕中最明显的决策入口，例如内容详情、会员、订阅、充值、购买、领取优惠等，等待 3 秒后截图。,results/XiaoHongShu/bargain_hunter/20260607_040601/screenshots/step_009.png,,2.0,0.0,1.0,0.0,0.0,0.0,0.0
XiaoHongShu,bargain_hunter,10,2026-06-07T04:13:08,browse_or_scroll_page,,,请在当前页面向下浏览/滑动一次，停留观察 3 秒后截图。,results/XiaoHongShu/bargain_hunter/20260607_040601/screenshots/step_010.png,,0.0,0.0,0.0,0.0,0.0,0.0,0.0
XiaoHongShu,bargain_hunter,11,2026-06-07T04:13:35,decision_interface_visit,,,请点击当前屏幕中最明显的决策入口，例如内容详情、会员、订阅、充值、购买、领取优惠等，等待 3 秒后截图。,results/XiaoHongShu/bargain_hunter/20260607_040601/screenshots/step_011.png,,0.0,0.0,1.0,0.0,0.0,0.0,0.0
XiaoHongShu,bargain_hunter,12,2026-06-07T04:14:06,browse_or_scroll_page,,,请在当前页面向下浏览/滑动一次，停留观察 3 秒后截图。,results/XiaoHongShu/bargain_hunter/20260607_040601/screenshots/step_012.png,,1.0,0.0,1.0,0.0,0.0,0.0,0.0
XiaoHongShu,bargain_hunter,13,2026-06-07T04:14:30,browse_or_scroll_page,,,请在当前页面向下浏览/滑动一次，停留观察 3 秒后截图。,results/XiaoHongShu/bargain_hunter/20260607_040601/screenshots/step_013.png,,0.0,0.0,1.0,0.0,0.0,0.0,0.0
XiaoHongShu,bargain_hunter,14,2026-06-07T04:14:45,browse_or_scroll_page,,,请在当前页面向下浏览/滑动一次，停留观察 3 秒后截图。,results/XiaoHongShu/bargain_hunter/20260607_040601/screenshots/step_014.png,,0.0,0.0,0.0,0.0,0.0,0.0,0.0
XiaoHongShu,bargain_hunter,15,2026-06-07T04:15:24,search_keyword,shopping,百亿补贴,请在搜索框输入“百亿补贴”，点击第一个自然/推荐结果，等待 3 秒后截图。,results/XiaoHongShu/bargain_hunter/20260607_040601/screenshots/step_015.png,,2.0,0.0,1.0,0.0,0.0,0.0,0.0
XiaoHongShu,bargain_hunter,16,2026-06-07T04:15:46,browse_or_scroll_page,,,请在当前页面向下浏览/滑动一次，停留观察 3 秒后截图。,results/XiaoHongShu/bargain_hunter/20260607_040601/screenshots/step_016.png,,0.0,0.0,1.0,0.0,0.0,0.0,0.0
XiaoHongShu,bargain_hunter,17,2026-06-07T04:16:32,browse_or_scroll_page,,,请在当前页面向下浏览/滑动一次，停留观察 3 秒后截图。,results/XiaoHongShu/bargain_hunter/20260607_040601/screenshots/step_017.png,,1.0,0.0,1.0,0.0,0.0,0.0,0.0
XiaoHongShu,bargain_hunter,18,2026-06-07T04:16:50,visit_homepage,,,请回到 XiaoHongShu 首页，等待 3 秒后截图。,results/XiaoHongShu/bargain_hunter/20260607_040601/screenshots/step_018.png,,0.0,0.0,0.0,0.0,0.0,0.0,0.0
XiaoHongShu,bargain_hunter,19,2026-06-07T04:18:39,search_keyword,shopping,百亿补贴,请在搜索框输入“百亿补贴”，点击第一个自然/推荐结果，等待 3 秒后截图。,results/XiaoHongShu/bargain_hunter/20260607_040601/screenshots/step_019.png,,2.0,2.0,1.0,0.0,0.0,0.0,0.0
XiaoHongShu,bargain_hunter,20,2026-06-07T04:19:05,search_keyword,shopping,拼单,请在搜索框输入“拼单”，点击第一个自然/推荐结果，等待 3 秒后截图。,results/XiaoHongShu/bargain_hunter/20260607_040601/screenshots/step_020.png,,0.0,0.0,0.0,0.0,0.0,0.0,0.0
XiaoHongShu,bargain_hunter,21,2026-06-07T04:19:30,browse_or_scroll_page,,,请在当前页面向下浏览/滑动一次，停留观察 3 秒后截图。,results/XiaoHongShu/bargain_hunter/20260607_040601/screenshots/step_021.png,,0.0,0.0,0.0,0.0,0.0,0.0,0.0
XiaoHongShu,bargain_hunter,22,2026-06-07T04:20:13,search_keyword,shopping,满减券,请在搜索框输入“满减券”，点击第一个自然/推荐结果，等待 3 秒后截图。,results/XiaoHongShu/bargain_hunter/20260607_040601/screenshots/step_022.png,,1.0,0.0,0.0,1.0,0.0,0.0,0.0
XiaoHongShu,bargain_hunter,23,2026-06-07T04:20:47,search_keyword,shopping,拼单,请在搜索框输入“拼单”，点击第一个自然/推荐结果，等待 3 秒后截图。,results/XiaoHongShu/bargain_hunter/20260607_040601/screenshots/step_023.png,,1.0,0.0,1.0,1.0,0.0,0.0,0.0
XiaoHongShu,bargain_hunter,24,2026-06-07T04:21:09,browse_or_scroll_page,,,请在当前页面向下浏览/滑动一次，停留观察 3 秒后截图。,results/XiaoHongShu/bargain_hunter/20260607_040601/screenshots/step_024.png,,0.0,0.0,1.0,0.0,0.0,0.0,0.0
XiaoHongShu,bargain_hunter,25,2026-06-07T04:21:35,browse_or_scroll_page,,,请在当前页面向下浏览/滑动一次，停留观察 3 秒后截图。,results/XiaoHongShu/bargain_hunter/20260607_040601/screenshots/step_025.png,,0.0,0.0,1.0,0.0,0.0,0.0,0.0
XiaoHongShu,bargain_hunter,26,2026-06-07T04:22:32,decision_interface_visit,,,请点击当前屏幕中最明显的决策入口，例如内容详情、会员、订阅、充值、购买、领取优惠等，等待 3 秒后截图。,results/XiaoHongShu/bargain_hunter/20260607_040601/screenshots/step_026.png,,2.0,1.0,1.0,0.0,0.0,0.0,0.0
XiaoHongShu,bargain_hunter,27,2026-06-07T04:22:54,browse_or_scroll_page,,,请在当前页面向下浏览/滑动一次，停留观察 3 秒后截图。,results/XiaoHongShu/bargain_hunter/20260607_040601/screenshots/step_027.png,,0.0,0.0,1.0,0.0,0.0,0.0,0.0
XiaoHongShu,bargain_hunter,28,2026-06-07T04:23:17,search_keyword,shopping,会员,请在搜索框输入“会员”，点击第一个自然/推荐结果，等待 3 秒后截图。,results/XiaoHongShu/bargain_hunter/20260607_040601/screenshots/step_028.png,,0.0,0.0,0.0,0.0,0.0,0.0,0.0
XiaoHongShu,bargain_hunter,29,2026-06-07T04:23:51,search_keyword,shopping,满减券,请在搜索框输入“满减券”，点击第一个自然/推荐结果，等待 3 秒后截图。,results/XiaoHongShu/bargain_hunter/20260607_040601/screenshots/step_029.png,,1.0,0.0,1.0,1.0,0.0,0.0,0.0
XiaoHongShu,bargain_hunter,30,2026-06-07T04:24:15,browse_or_scroll_page,,,请在当前页面向下浏览/滑动一次，停留观察 3 秒后截图。,results/XiaoHongShu/bargain_hunter/20260607_040601/screenshots/step_030.png,,0.0,0.0,1.0,0.0,0.0,0.0,0.0
WeiBo,low_payment_browsing,1,2026-06-07T04:41:03,browse_or_scroll_page,,,请在当前页面向下浏览/滑动一次，停留观察 3 秒后截图。,results/WeiBo/low_payment_browsing/20260607_044035/screenshots/step_001.png,,2.0,1.0,0.0,0.0,1.0,0.0,1.0
WeiBo,low_payment_browsing,2,2026-06-07T04:41:49,browse_or_scroll_page,,,请在当前页面向下浏览/滑动一次，停留观察 3 秒后截图。,results/WeiBo/low_payment_browsing/20260607_044035/screenshots/step_002.png,,0.0,0.0,0.0,0.0,0.0,1.0,0.0
WeiBo,low_payment_browsing,3,2026-06-07T04:42:38,browse_or_scroll_page,,,请在当前页面向下浏览/滑动一次，停留观察 3 秒后截图。,results/WeiBo/low_payment_browsing/20260607_044035/screenshots/step_003.png,,0.0,0.0,0.0,0.0,0.0,0.0,0.0
WeiBo,low_payment_browsing,4,2026-06-07T04:43:10,browse_or_scroll_page,,,请在当前页面向下浏览/滑动一次，停留观察 3 秒后截图。,results/WeiBo/low_payment_browsing/20260607_044035/screenshots/step_004.png,,2.0,0.0,1.0,0.0,0.0,0.0,0.0
WeiBo,low_payment_browsing,5,2026-06-07T04:43:44,browse_or_scroll_page,,,请在当前页面向下浏览/滑动一次，停留观察 3 秒后截图。,results/WeiBo/low_payment_browsing/20260607_044035/screenshots/step_005.png,,0.0,0.0,0.0,0.0,0.0,0.0,0.0
WeiBo,low_payment_browsing,6,2026-06-07T04:44:48,search_keyword,daily_necessities,洗发水,请在搜索框输入“洗发水”，点击第一个自然/推荐结果，等待 3 秒后截图。,results/WeiBo/low_payment_browsing/20260607_044035/screenshots/step_006.png,,0.0,1.0,0.0,0.0,0.0,1.0,0.0
WeiBo,low_payment_browsing,7,2026-06-07T04:45:17,search_keyword,daily_necessities,纸巾,请在搜索框输入“纸巾”，点击第一个自然/推荐结果，等待 3 秒后截图。,results/WeiBo/low_payment_browsing/20260607_044035/screenshots/step_007.png,,0.0,0.0,0.0,0.0,0.0,0.0,0.0
WeiBo,low_payment_browsing,8,2026-06-07T04:45:54,visit_homepage,,,请回到 WeiBo 首页，等待 3 秒后截图。,results/WeiBo/low_payment_browsing/20260607_044035/screenshots/step_008.png,,1.0,0.0,0.0,0.0,0.0,0.0,0.0
WeiBo,low_payment_browsing,9,2026-06-07T04:46:15,visit_homepage,,,请回到 WeiBo 首页，等待 3 秒后截图。,results/WeiBo/low_payment_browsing/20260607_044035/screenshots/step_009.png,,1.0,0.0,0.0,0.0,0.0,0.0,0.0
WeiBo,low_payment_browsing,10,2026-06-07T04:46:49,search_keyword,apparel_beauty,高跟鞋,请在搜索框输入“高跟鞋”，点击第一个自然/推荐结果，等待 3 秒后截图。,results/WeiBo/low_payment_browsing/20260607_044035/screenshots/step_010.png,,2.0,1.0,0.0,0.0,0.0,0.0,0.0
WeiBo,low_payment_browsing,11,2026-06-07T04:47:39,decision_interface_visit,,,请点击当前屏幕中最明显的决策入口，例如内容详情、会员、订阅、充值、购买、领取优惠等，等待 3 秒后截图。,results/WeiBo/low_payment_browsing/20260607_044035/screenshots/step_011.png,,2.0,1.0,1.0,0.0,0.0,1.0,1.0
WeiBo,low_payment_browsing,12,2026-06-07T04:49:42,browse_or_scroll_page,,,请在当前页面向下浏览/滑动一次，停留观察 3 秒后截图。,results/WeiBo/low_payment_browsing/20260607_044035/screenshots/step_012.png,,0.0,0.0,0.0,0.0,0.0,0.0,0.0
WeiBo,low_payment_browsing,13,2026-06-07T04:51:48,browse_or_scroll_page,,,请在当前页面向下浏览/滑动一次，停留观察 3 秒后截图。,results/WeiBo/low_payment_browsing/20260607_044035/screenshots/step_013.png,,2.0,0.0,1.0,0.0,0.0,0.0,0.0
WeiBo,low_payment_browsing,14,2026-06-07T04:52:20,browse_or_scroll_page,,,请在当前页面向下浏览/滑动一次，停留观察 3 秒后截图。,results/WeiBo/low_payment_browsing/20260607_044035/screenshots/step_014.png,,0.0,0.0,0.0,0.0,0.0,0.0,0.0
WeiBo,low_payment_browsing,15,2026-06-07T04:53:01,search_keyword,daily_necessities,洗衣液,请在搜索框输入“洗衣液”，点击第一个自然/推荐结果，等待 3 秒后截图。,results/WeiBo/low_payment_browsing/20260607_044035/screenshots/step_015.png,,1.0,0.0,1.0,0.0,0.0,0.0,0.0
WeiBo,low_payment_browsing,16,2026-06-07T04:53:46,search_keyword,apparel_beauty,连衣裙,请在搜索框输入“连衣裙”，点击第一个自然/推荐结果，等待 3 秒后截图。,results/WeiBo/low_payment_browsing/20260607_044035/screenshots/step_016.png,,1.0,0.0,0.0,0.0,0.0,0.0,0.0
WeiBo,low_payment_browsing,17,2026-06-07T04:54:15,browse_or_scroll_page,,,请在当前页面向下浏览/滑动一次，停留观察 3 秒后截图。,results/WeiBo/low_payment_browsing/20260607_044035/screenshots/step_017.png,,2.0,0.0,1.0,0.0,0.0,1.0,0.0
WeiBo,low_payment_browsing,18,2026-06-07T04:55:02,decision_interface_visit,,,请点击当前屏幕中最明显的决策入口，例如内容详情、会员、订阅、充值、购买、领取优惠等，等待 3 秒后截图。,results/WeiBo/low_payment_browsing/20260607_044035/screenshots/step_018.png,,0.0,1.0,0.0,0.0,0.0,1.0,0.0
WeiBo,low_payment_browsing,19,2026-06-07T04:56:21,browse_or_scroll_page,,,请在当前页面向下浏览/滑动一次，停留观察 3 秒后截图。,results/WeiBo/low_payment_browsing/20260607_044035/screenshots/step_019.png,,0.0,0.0,1.0,0.0,0.0,0.0,0.0
WeiBo,low_payment_browsing,20,2026-06-07T04:56:55,search_keyword,shopping,会员,请在搜索框输入“会员”，点击第一个自然/推荐结果，等待 3 秒后截图。,results/WeiBo/low_payment_browsing/20260607_044035/screenshots/step_020.png,,2.0,0.0,0.0,0.0,0.0,0.0,0.0
WeiBo,low_payment_browsing,21,2026-06-07T04:57:36,browse_or_scroll_page,,,请在当前页面向下浏览/滑动一次，停留观察 3 秒后截图。,results/WeiBo/low_payment_browsing/20260607_044035/screenshots/step_021.png,,2.0,1.0,0.0,1.0,0.0,0.0,0.0
WeiBo,low_payment_browsing,22,2026-06-07T04:58:19,visit_homepage,,,请回到 WeiBo 首页，等待 3 秒后截图。,results/WeiBo/low_payment_browsing/20260607_044035/screenshots/step_022.png,,0.0,0.0,0.0,0.0,0.0,0.0,0.0
WeiBo,low_payment_browsing,23,2026-06-07T04:58:53,browse_or_scroll_page,,,请在当前页面向下浏览/滑动一次，停留观察 3 秒后截图。,results/WeiBo/low_payment_browsing/20260607_044035/screenshots/step_023.png,,0.0,4.0,0.0,0.0,0.0,0.0,0.0
WeiBo,low_payment_browsing,24,2026-06-07T04:59:22,visit_homepage,,,请回到 WeiBo 首页，等待 3 秒后截图。,results/WeiBo/low_payment_browsing/20260607_044035/screenshots/step_024.png,,0.0,0.0,0.0,0.0,0.0,0.0,0.0
WeiBo,low_payment_browsing,25,2026-06-07T04:59:56,decision_interface_visit,,,请点击当前屏幕中最明显的决策入口，例如内容详情、会员、订阅、充值、购买、领取优惠等，等待 3 秒后截图。,results/WeiBo/low_payment_browsing/20260607_044035/screenshots/step_025.png,,2.0,1.0,1.0,0.0,0.0,1.0,1.0
WeiBo,low_payment_browsing,26,2026-06-07T05:00:23,browse_or_scroll_page,,,请在当前页面向下浏览/滑动一次，停留观察 3 秒后截图。,results/WeiBo/low_payment_browsing/20260607_044035/screenshots/step_026.png,,0.0,0.0,0.0,0.0,0.0,0.0,0.0
WeiBo,low_payment_browsing,27,2026-06-07T05:01:15,browse_or_scroll_page,,,请在当前页面向下浏览/滑动一次，停留观察 3 秒后截图。,results/WeiBo/low_payment_browsing/20260607_044035/screenshots/step_027.png,,0.0,0.0,0.0,0.0,0.0,0.0,0.0
WeiBo,low_payment_browsing,28,2026-06-07T05:02:13,search_keyword,daily_necessities,零食,请在搜索框输入“零食”，点击第一个自然/推荐结果，等待 3 秒后截图。,results/WeiBo/low_payment_browsing/20260607_044035/screenshots/step_028.png,,1.0,0.0,0.0,0.0,0.0,0.0,0.0
WeiBo,low_payment_browsing,29,2026-06-07T05:02:47,browse_or_scroll_page,,,请在当前页面向下浏览/滑动一次，停留观察 3 秒后截图。,results/WeiBo/low_payment_browsing/20260607_044035/screenshots/step_029.png,,1.0,0.0,1.0,0.0,0.0,1.0,0.0
WeiBo,low_payment_browsing,30,2026-06-07T05:03:52,decision_interface_visit,,,请点击当前屏幕中最明显的决策入口，例如内容详情、会员、订阅、充值、购买、领取优惠等，等待 3 秒后截图。,results/WeiBo/low_payment_browsing/20260607_044035/screenshots/step_030.png,,2.0,1.0,0.0,0.0,0.0,0.0,0.0
WeiBo,high_payment_shopping,1,2026-06-07T05:14:28,browse_or_scroll_page,,,请在当前页面向下浏览/滑动一次，停留观察 3 秒后截图。,results/WeiBo/high_payment_shopping/20260607_051319/screenshots/step_001.png,,2.0,1.0,0.0,0.0,0.0,1.0,0.0
WeiBo,high_payment_shopping,2,2026-06-07T05:16:05,search_keyword,electronics_high_value,联想笔记本,请在搜索框输入“联想笔记本”，点击第一个自然/推荐结果，等待 3 秒后截图。,results/WeiBo/high_payment_shopping/20260607_051319/screenshots/step_002.png,,1.0,0.0,0.0,0.0,0.0,0.0,0.0
WeiBo,high_payment_shopping,3,2026-06-07T05:16:31,search_keyword,electronics_high_value,索尼相机,请在搜索框输入“索尼相机”，点击第一个自然/推荐结果，等待 3 秒后截图。,results/WeiBo/high_payment_shopping/20260607_051319/screenshots/step_003.png,,0.0,0.0,0.0,0.0,0.0,0.0,0.0
WeiBo,high_payment_shopping,4,2026-06-07T05:16:51,browse_or_scroll_page,,,请在当前页面向下浏览/滑动一次，停留观察 3 秒后截图。,results/WeiBo/high_payment_shopping/20260607_051319/screenshots/step_004.png,,1.0,0.0,0.0,0.0,0.0,1.0,0.0
WeiBo,high_payment_shopping,5,2026-06-07T05:17:31,browse_or_scroll_page,,,请在当前页面向下浏览/滑动一次，停留观察 3 秒后截图。,results/WeiBo/high_payment_shopping/20260607_051319/screenshots/step_005.png,,1.0,0.0,0.0,0.0,0.0,1.0,0.0
WeiBo,high_payment_shopping,6,2026-06-07T05:18:06,browse_or_scroll_page,,,请在当前页面向下浏览/滑动一次，停留观察 3 秒后截图。,results/WeiBo/high_payment_shopping/20260607_051319/screenshots/step_006.png,,1.0,0.0,0.0,0.0,0.0,1.0,0.0
WeiBo,high_payment_shopping,7,2026-06-07T05:18:54,decision_interface_visit,,,请点击当前屏幕中最明显的决策入口，例如内容详情、会员、订阅、充值、购买、领取优惠等，等待 3 秒后截图。,results/WeiBo/high_payment_shopping/20260607_051319/screenshots/step_007.png,,2.0,1.0,0.0,0.0,0.0,0.0,0.0
WeiBo,high_payment_shopping,8,2026-06-07T05:19:23,browse_or_scroll_page,,,请在当前页面向下浏览/滑动一次，停留观察 3 秒后截图。,results/WeiBo/high_payment_shopping/20260607_051319/screenshots/step_008.png,,2.0,1.0,0.0,0.0,0.0,0.0,0.0
WeiBo,high_payment_shopping,9,2026-06-07T05:20:16,search_keyword,daily_necessities,洗衣液,请在搜索框输入“洗衣液”，点击第一个自然/推荐结果，等待 3 秒后截图。,results/WeiBo/high_payment_shopping/20260607_051319/screenshots/step_009.png,,1.0,0.0,1.0,0.0,0.0,0.0,0.0
WeiBo,high_payment_shopping,10,2026-06-07T05:20:46,search_keyword,apparel_beauty,防晒衣,请在搜索框输入“防晒衣”，点击第一个自然/推荐结果，等待 3 秒后截图。,results/WeiBo/high_payment_shopping/20260607_051319/screenshots/step_010.png,,1.0,0.0,1.0,0.0,0.0,0.0,0.0
WeiBo,high_payment_shopping,11,2026-06-07T05:21:23,browse_or_scroll_page,,,请在当前页面向下浏览/滑动一次，停留观察 3 秒后截图。,results/WeiBo/high_payment_shopping/20260607_051319/screenshots/step_011.png,,2.0,1.0,1.0,0.0,0.0,2.0,0.0
WeiBo,high_payment_shopping,12,2026-06-07T05:21:51,browse_or_scroll_page,,,请在当前页面向下浏览/滑动一次，停留观察 3 秒后截图。,results/WeiBo/high_payment_shopping/20260607_051319/screenshots/step_012.png,,2.0,1.0,1.0,0.0,0.0,2.0,0.0
WeiBo,high_payment_shopping,13,2026-06-07T05:22:18,search_keyword,apparel_beauty,面膜,请在搜索框输入“面膜”，点击第一个自然/推荐结果，等待 3 秒后截图。,results/WeiBo/high_payment_shopping/20260607_051319/screenshots/step_013.png,,0.0,0.0,1.0,0.0,0.0,0.0,0.0
WeiBo,high_payment_shopping,14,2026-06-07T05:22:54,decision_interface_visit,,,请点击当前屏幕中最明显的决策入口，例如内容详情、会员、订阅、充值、购买、领取优惠等，等待 3 秒后截图。,results/WeiBo/high_payment_shopping/20260607_051319/screenshots/step_014.png,,1.0,2.0,1.0,0.0,0.0,0.0,0.0
WeiBo,high_payment_shopping,15,2026-06-07T05:23:21,decision_interface_visit,,,请点击当前屏幕中最明显的决策入口，例如内容详情、会员、订阅、充值、购买、领取优惠等，等待 3 秒后截图。,results/WeiBo/high_payment_shopping/20260607_051319/screenshots/step_015.png,,0.0,1.0,0.0,0.0,0.0,0.0,0.0
WeiBo,high_payment_shopping,16,2026-06-07T05:23:57,browse_or_scroll_page,,,请在当前页面向下浏览/滑动一次，停留观察 3 秒后截图。,results/WeiBo/high_payment_shopping/20260607_051319/screenshots/step_016.png,,1.0,2.0,0.0,0.0,0.0,0.0,0.0
WeiBo,high_payment_shopping,17,2026-06-07T05:24:29,search_keyword,electronics_high_value,手机,请在搜索框输入“手机”，点击第一个自然/推荐结果，等待 3 秒后截图。,results/WeiBo/high_payment_shopping/20260607_051319/screenshots/step_017.png,,2.0,0.0,1.0,0.0,0.0,0.0,0.0
WeiBo,high_payment_shopping,18,2026-06-07T05:24:48,search_keyword,electronics_high_value,手机,请在搜索框输入“手机”，点击第一个自然/推荐结果，等待 3 秒后截图。,results/WeiBo/high_payment_shopping/20260607_051319/screenshots/step_018.png,,0.0,1.0,0.0,0.0,0.0,0.0,0.0
WeiBo,high_payment_shopping,19,2026-06-07T05:25:35,browse_or_scroll_page,,,请在当前页面向下浏览/滑动一次，停留观察 3 秒后截图。,results/WeiBo/high_payment_shopping/20260607_051319/screenshots/step_019.png,,1.0,1.0,1.0,0.0,0.0,1.0,0.0
WeiBo,high_payment_shopping,20,2026-06-07T05:26:15,decision_interface_visit,,,请点击当前屏幕中最明显的决策入口，例如内容详情、会员、订阅、充值、购买、领取优惠等，等待 3 秒后截图。,results/WeiBo/high_payment_shopping/20260607_051319/screenshots/step_020.png,,1.0,2.0,1.0,0.0,0.0,0.0,0.0
WeiBo,high_payment_shopping,21,2026-06-07T05:28:01,search_keyword,apparel_beauty,粉底液,请在搜索框输入“粉底液”，点击第一个自然/推荐结果，等待 3 秒后截图。,results/WeiBo/high_payment_shopping/20260607_051319/screenshots/step_021.png,,0.0,0.0,0.0,0.0,0.0,0.0,0.0
WeiBo,high_payment_shopping,22,2026-06-07T05:28:27,browse_or_scroll_page,,,请在当前页面向下浏览/滑动一次，停留观察 3 秒后截图。,results/WeiBo/high_payment_shopping/20260607_051319/screenshots/step_022.png,,1.0,0.0,1.0,0.0,0.0,1.0,0.0
WeiBo,high_payment_shopping,23,2026-06-07T05:28:44,browse_or_scroll_page,,,请在当前页面向下浏览/滑动一次，停留观察 3 秒后截图。,results/WeiBo/high_payment_shopping/20260607_051319/screenshots/step_023.png,,1.0,0.0,1.0,0.0,0.0,1.0,0.0
WeiBo,bargain_hunter,1,2026-06-07T05:32:24,visit_homepage,,,请回到 WeiBo 首页，等待 3 秒后截图。,results/WeiBo/bargain_hunter/20260607_053115/screenshots/step_001.png,,0.0,0.0,0.0,0.0,0.0,0.0,0.0
WeiBo,bargain_hunter,2,2026-06-07T05:33:02,browse_or_scroll_page,,,请在当前页面向下浏览/滑动一次，停留观察 3 秒后截图。,results/WeiBo/bargain_hunter/20260607_053115/screenshots/step_002.png,,1.0,0.0,0.0,0.0,0.0,0.0,0.0
WeiBo,bargain_hunter,3,2026-06-07T05:34:45,browse_or_scroll_page,,,请在当前页面向下浏览/滑动一次，停留观察 3 秒后截图。,results/WeiBo/bargain_hunter/20260607_053115/screenshots/step_003.png,,1.0,0.0,0.0,0.0,0.0,0.0,0.0
WeiBo,bargain_hunter,4,2026-06-07T05:35:37,search_keyword,daily_necessities,洗衣液,请在搜索框输入“洗衣液”，点击第一个自然/推荐结果，等待 3 秒后截图。,results/WeiBo/bargain_hunter/20260607_053115/screenshots/step_004.png,,1.0,0.0,1.0,0.0,0.0,0.0,0.0
WeiBo,bargain_hunter,5,2026-06-07T05:35:52,browse_or_scroll_page,,,请在当前页面向下浏览/滑动一次，停留观察 3 秒后截图。,results/WeiBo/bargain_hunter/20260607_053115/screenshots/step_005.png,,1.0,0.0,0.0,0.0,0.0,1.0,0.0
WeiBo,bargain_hunter,6,2026-06-07T05:36:24,search_keyword,shopping,满减券,请在搜索框输入“满减券”，点击第一个自然/推荐结果，等待 3 秒后截图。,results/WeiBo/bargain_hunter/20260607_053115/screenshots/step_006.png,,2.0,1.0,0.0,0.0,0.0,0.0,0.0
WeiBo,bargain_hunter,7,2026-06-07T05:36:49,visit_homepage,,,请回到 WeiBo 首页，等待 3 秒后截图。,results/WeiBo/bargain_hunter/20260607_053115/screenshots/step_007.png,,0.0,0.0,0.0,0.0,0.0,0.0,0.0
WeiBo,bargain_hunter,8,2026-06-07T05:37:32,search_keyword,apparel_beauty,面膜,请在搜索框输入“面膜”，点击第一个自然/推荐结果，等待 3 秒后截图。,results/WeiBo/bargain_hunter/20260607_053115/screenshots/step_008.png,,0.0,1.0,1.0,0.0,0.0,0.0,0.0
WeiBo,bargain_hunter,9,2026-06-07T05:38:16,search_keyword,shopping,限时秒杀,请在搜索框输入“限时秒杀”，点击第一个自然/推荐结果，等待 3 秒后截图。,results/WeiBo/bargain_hunter/20260607_053115/screenshots/step_009.png,,2.0,1.0,1.0,1.0,0.0,1.0,0.0
WeiBo,bargain_hunter,10,2026-06-07T05:38:38,browse_or_scroll_page,,,请在当前页面向下浏览/滑动一次，停留观察 3 秒后截图。,results/WeiBo/bargain_hunter/20260607_053115/screenshots/step_010.png,,1.0,1.0,0.0,1.0,0.0,0.0,0.0
WeiBo,bargain_hunter,11,2026-06-07T05:39:01,visit_homepage,,,请回到 WeiBo 首页，等待 3 秒后截图。,results/WeiBo/bargain_hunter/20260607_053115/screenshots/step_011.png,,0.0,0.0,0.0,0.0,0.0,1.0,0.0
WeiBo,bargain_hunter,12,2026-06-07T05:39:56,decision_interface_visit,,,请点击当前屏幕中最明显的决策入口，例如内容详情、会员、订阅、充值、购买、领取优惠等，等待 3 秒后截图。,results/WeiBo/bargain_hunter/20260607_053115/screenshots/step_012.png,,0.0,1.0,0.0,0.0,0.0,0.0,0.0
WeiBo,bargain_hunter,13,2026-06-07T05:40:28,browse_or_scroll_page,,,请在当前页面向下浏览/滑动一次，停留观察 3 秒后截图。,results/WeiBo/bargain_hunter/20260607_053115/screenshots/step_013.png,,1.0,1.0,1.0,0.0,0.0,0.0,0.0
WeiBo,bargain_hunter,14,2026-06-07T05:41:38,visit_homepage,,,请回到 WeiBo 首页，等待 3 秒后截图。,results/WeiBo/bargain_hunter/20260607_053115/screenshots/step_014.png,,0.0,0.0,0.0,0.0,0.0,0.0,0.0
WeiBo,bargain_hunter,15,2026-06-07T05:42:55,browse_or_scroll_page,,,请在当前页面向下浏览/滑动一次，停留观察 3 秒后截图。,results/WeiBo/bargain_hunter/20260607_053115/screenshots/step_015.png,,0.0,0.0,0.0,1.0,0.0,0.0,0.0
WeiBo,bargain_hunter,16,2026-06-07T05:43:49,decision_interface_visit,,,请点击当前屏幕中最明显的决策入口，例如内容详情、会员、订阅、充值、购买、领取优惠等，等待 3 秒后截图。,results/WeiBo/bargain_hunter/20260607_053115/screenshots/step_016.png,,2.0,1.0,0.0,0.0,0.0,0.0,0.0
WeiBo,bargain_hunter,17,2026-06-07T05:44:23,browse_or_scroll_page,,,请在当前页面向下浏览/滑动一次，停留观察 3 秒后截图。,results/WeiBo/bargain_hunter/20260607_053115/screenshots/step_017.png,,2.0,1.0,0.0,0.0,0.0,1.0,1.0
WeiBo,bargain_hunter,18,2026-06-07T05:45:01,browse_or_scroll_page,,,请在当前页面向下浏览/滑动一次，停留观察 3 秒后截图。,results/WeiBo/bargain_hunter/20260607_053115/screenshots/step_018.png,,1.0,0.0,0.0,0.0,0.0,0.0,0.0
WeiBo,bargain_hunter,19,2026-06-07T05:45:35,search_keyword,daily_necessities,垃圾袋,请在搜索框输入“垃圾袋”，点击第一个自然/推荐结果，等待 3 秒后截图。,results/WeiBo/bargain_hunter/20260607_053115/screenshots/step_019.png,,2.0,0.0,1.0,0.0,0.0,0.0,0.0
WeiBo,bargain_hunter,20,2026-06-07T05:46:03,browse_or_scroll_page,,,请在当前页面向下浏览/滑动一次，停留观察 3 秒后截图。,results/WeiBo/bargain_hunter/20260607_053115/screenshots/step_020.png,,0.0,0.0,0.0,0.0,0.0,1.0,0.0
WeiBo,bargain_hunter,21,2026-06-07T05:46:41,decision_interface_visit,,,请点击当前屏幕中最明显的决策入口，例如内容详情、会员、订阅、充值、购买、领取优惠等，等待 3 秒后截图。,results/WeiBo/bargain_hunter/20260607_053115/screenshots/step_021.png,,1.0,1.0,0.0,0.0,0.0,0.0,0.0
WeiBo,bargain_hunter,22,2026-06-07T05:47:30,decision_interface_visit,,,请点击当前屏幕中最明显的决策入口，例如内容详情、会员、订阅、充值、购买、领取优惠等，等待 3 秒后截图。,results/WeiBo/bargain_hunter/20260607_053115/screenshots/step_022.png,,0.0,1.0,0.0,0.0,0.0,0.0,0.0
